Age,MonthlyIncome,StartDate,EnvironmentSatisfaction_c,JobSatisfaction_c,department__Research & Development,department__Sales,educationfield__Human Resources,educationfield__Marketing,educationfield__Medical,educationfield__Technical Degree,Attrition_c
41,599300,2257,1,3,0,1,0,0,0,0,0
49,513000,3762,2,1,1,0,0,0,0,0,1
37,209000,161,3,2,1,0,0,0,0,0,0
33,290900,3057,3,2,1,0,0,0,0,0,1
27,346800,1009,0,1,1,0,0,0,1,0,1
32,306800,2835,3,3,1,0,0,0,0,0,1
59,267000,406,2,0,1,0,0,0,1,0,1
30,269300,708,3,2,1,0,0,0,0,0,1
38,952600,3319,3,2,1,0,0,0,0,0,1
36,523700,2874,2,2,1,0,0,0,1,0,1
35,242600,2055,0,1,1,0,0,0,1,0,1
29,419300,3475,3,2,1,0,0,0,0,0,1
31,291100,2131,0,2,1,0,0,0,0,0,1
34,266100,795,1,3,1,0,0,0,1,0,1
28,202800,1835,2,2,1,0,0,0,0,0,0
29,998000,3720,1,0,1,0,0,0,0,0,1
32,329800,2330,0,1,1,0,0,0,0,0,1
22,293500,530,3,3,1,0,0,0,1,0,1
53,1542700,9447,0,3,0,1,0,0,0,0,1
38,394400,1208,3,3,1,0,0,0,0,0,1
24,401100,1525,0,2,1,0,0,0,0,0,1
36,340700,2107,2,0,0,1,0,0,0,0,0
34,1199400,4769,0,1,1,0,0,0,0,0,1
21,123200,301,2,3,1,0,0,0,0,0,1
34,296000,1536,1,0,1,0,0,0,1,0,0
53,1909400,5189,2,2,1,0,0,0,0,0,1
32,391900,3837,1,0,1,0,0,0,0,0,0
42,682500,3522,2,1,0,1,0,1,0,0,1
44,1024800,8108,0,3,1,0,0,0,1,0,1
46,1894700,1102,1,0,0,1,0,1,0,0,1
33,249600,688,2,3,1,0,0,0,1,0,1
44,646500,1690,3,3,1,0,0,0,0,0,1
30,220600,3924,3,2,1,0,0,0,1,0,1
39,208600,499,3,3,0,1,0,0,0,1,0
24,229300,772,1,3,1,0,0,0,1,0,0
43,264500,2122,3,2,1,0,0,0,1,0,1
50,268300,1466,0,2,0,1,0,1,0,0,0
35,201400,809,3,3,0,1,0,1,0,0,1
36,341900,441,1,0,1,0,0,0,0,0,1
33,537600,1951,2,0,0,1,0,0,0,0,1
35,195100,530,2,3,1,0,0,0,0,0,1
27,234100,409,3,0,1,0,0,0,0,0,1
26,229300,594,0,2,1,0,0,0,0,0,0
27,872600,3534,3,2,0,1,0,0,0,0,1
30,401100,4451,2,3,1,0,0,0,1,0,1
41,1954500,8236,1,2,1,0,0,0,0,1,0
34,456800,3338,1,2,0,1,0,1,0,0,1
37,302200,464,1,1,1,0,0,0,0,0,1
46,577200,3579,0,3,0,1,0,1,0,0,1
35,226900,699,3,3,1,0,0,0,0,0,1
48,538100,621,0,2,1,0,0,0,0,0,0
28,344100,939,2,2,1,0,0,0,0,1,0
44,545400,1561,1,0,0,1,0,1,0,0,1
35,988400,1774,2,0,1,0,0,0,1,0,1
26,415700,858,2,3,0,1,0,1,0,0,1
33,1345800,5621,0,3,1,0,0,0,0,0,1
35,906900,3575,1,0,0,1,0,0,0,0,1
35,401400,919,2,0,1,0,0,0,1,0,1
31,591500,2679,3,3,1,0,0,0,0,0,1
37,599300,2833,0,2,1,0,0,0,0,0,1
32,616200,3647,0,3,1,0,0,0,1,0,1
38,240600,3872,3,3,1,0,0,0,0,0,1
50,1874000,10093,1,2,1,0,0,0,1,0,1
59,763700,7792,0,0,0,1,0,0,0,0,1
36,1009600,6526,2,2,1,0,0,0,0,1,1
55,1475600,2070,3,2,1,0,0,0,1,0,1
36,649900,2263,1,1,1,0,0,0,0,0,1
45,972400,495,1,0,1,0,0,0,0,0,1
35,219400,1132,1,0,1,0,0,0,1,0,1
36,338800,603,3,2,1,0,0,0,1,0,0
59,547300,1545,0,2,0,1,0,0,0,0,1
29,270300,1872,2,1,1,0,0,0,0,0,1
31,250100,468,2,1,1,0,0,0,1,0,1
32,622000,3936,1,1,1,0,0,0,0,0,1
36,303800,657,1,3,1,0,0,0,0,0,1
31,442400,4334,2,3,1,0,0,0,0,0,1
35,431200,5520,2,0,0,1,0,1,0,0,1
45,1324500,63,3,0,1,0,0,0,0,0,1
37,1366400,2155,0,2,1,0,0,0,1,0,1
46,502100,1717,1,1,0,0,0,0,1,0,1
30,512600,3861,3,3,1,0,0,0,0,0,1
35,285900,2293,1,2,1,0,0,0,1,0,1
55,1023900,518,0,3,0,1,0,0,0,0,1
38,532900,4843,1,3,1,0,0,0,1,0,1
34,432500,1909,0,1,1,0,0,0,1,0,1
56,726000,2532,3,3,1,0,0,0,0,0,1
23,232200,314,2,0,0,1,0,0,0,1,1
51,207500,1796,3,3,1,0,0,0,0,0,1
30,415200,4366,2,3,1,0,0,0,0,0,1
46,961900,3378,2,3,0,1,0,0,1,0,0
40,1350300,8269,2,1,1,0,0,0,0,0,1
51,544100,3968,2,3,0,1,0,1,0,0,1
30,520900,4201,2,1,0,1,0,0,1,0,1
46,1067300,3964,2,0,1,0,0,0,1,0,1
32,501000,4286,1,2,0,1,0,0,1,0,1
54,1354900,1626,0,2,1,0,0,0,0,1,1
24,499900,1233,0,2,0,1,0,0,0,0,1
28,422100,1973,1,2,0,1,0,0,1,0,1
58,1387200,13546,3,2,0,1,0,0,1,0,1
44,204200,1468,1,1,1,0,0,0,1,0,1
37,207300,1170,2,0,0,0,1,0,0,0,0
32,295600,593,3,0,1,0,0,0,0,0,1
20,292600,404,3,3,1,0,0,0,0,0,0
34,480900,6196,0,2,1,0,0,0,0,0,1
37,516300,670,2,3,1,0,0,0,0,0,1
59,1884400,1156,2,3,0,0,1,0,0,0,1
50,1817200,3202,0,1,1,0,0,0,0,0,1
25,574400,2512,2,2,0,1,0,1,0,0,0
25,288900,1099,3,3,1,0,0,0,1,0,1
22,287100,77,1,3,1,0,0,0,1,0,1
51,748400,4983,0,0,1,0,0,0,1,0,1
34,607400,3625,0,2,1,0,0,0,0,0,0
54,1732800,2131,3,3,0,0,1,0,0,0,1
24,277400,2032,1,2,1,0,0,0,0,0,1
34,450500,489,2,1,1,0,0,0,0,0,1
37,742800,1918,2,3,0,1,0,0,0,0,1
34,1163100,4090,2,0,1,0,0,0,1,0,1
36,973800,3568,1,3,0,1,0,0,0,1,1
36,283500,431,0,3,1,0,0,0,0,0,1
43,1695900,9408,2,3,0,1,0,0,0,0,1
30,261300,3699,0,2,1,0,0,0,0,0,1
33,614600,2912,2,1,0,1,0,1,0,0,1
56,496300,1878,1,1,1,0,0,0,0,0,0
51,1953700,7537,0,2,1,0,0,0,0,0,1
31,617200,2852,1,2,0,1,0,0,0,0,0
26,236800,1886,2,1,1,0,0,0,0,0,1
58,1031200,14858,3,3,1,0,0,0,1,0,0
19,167500,77,3,2,0,1,0,1,0,0,0
22,252300,796,2,3,1,0,0,0,0,1,1
49,656700,5571,2,0,1,0,0,0,1,0,1
43,473900,1295,1,2,1,0,0,0,1,0,1
50,920800,855,2,3,0,1,0,1,0,0,1
31,455900,1079,1,2,0,1,0,0,0,0,0
41,818900,3364,2,2,0,1,0,0,0,0,1
26,294200,3003,2,2,0,0,0,0,0,0,1
36,494100,1433,1,1,1,0,0,0,1,0,1
51,1065000,1669,0,3,1,0,0,0,0,0,0
39,590200,5570,3,2,0,1,0,0,0,0,1
25,863900,1026,0,2,0,1,0,0,0,0,1
30,634700,4125,2,3,0,0,1,0,0,0,1
32,420000,1872,0,0,1,0,0,0,1,0,0
45,345200,2566,2,3,1,0,0,0,1,0,1
38,431700,1353,3,2,1,0,0,0,0,1,1
30,263200,1988,0,2,1,0,0,0,0,0,1
32,466800,3044,3,3,0,1,0,0,1,0,1
30,320400,1351,3,0,1,0,0,0,0,1,1
30,272000,2152,1,3,1,0,0,0,1,0,1
41,1718100,2935,3,0,1,0,0,0,0,0,1
41,223800,2064,2,0,1,0,0,0,0,0,1
19,148300,644,1,1,1,0,0,0,1,0,1
40,560500,7448,1,1,1,0,0,0,1,0,1
35,729500,3747,2,1,0,1,0,1,0,0,1
53,230600,2878,1,2,0,1,0,1,0,0,1
45,234800,6508,1,1,1,0,0,0,0,0,1
32,899800,3534,1,3,0,1,0,1,0,0,1
29,431900,3951,3,2,1,0,0,0,0,1,1
51,613200,593,1,2,1,0,0,0,1,0,1
58,334600,566,1,1,1,0,0,0,1,0,1
40,1085500,4741,2,3,0,1,0,1,0,0,1
34,223100,1664,2,2,0,1,0,1,0,0,1
22,232300,908,2,3,1,0,0,0,1,0,1
27,202400,868,3,1,1,0,0,0,1,0,1
28,271300,2135,2,3,1,0,0,0,1,0,1
57,943900,2150,2,3,1,0,0,0,0,0,1
27,256600,612,2,2,1,0,0,0,1,0,1
50,1992600,2000,2,1,1,0,0,0,0,0,1
41,245100,3463,0,2,1,0,0,0,0,0,1
30,941900,3943,1,3,0,1,0,0,0,0,1
38,868600,3227,0,3,0,1,0,0,0,0,1
32,303800,2174,2,2,1,0,0,0,0,0,1
27,305800,2071,2,1,1,0,0,0,0,1,1
19,232500,366,2,0,0,1,0,0,0,1,0
36,208800,3259,3,1,1,0,0,0,1,0,1
30,307200,4429,2,0,1,0,0,0,1,0,1
45,500600,2148,2,0,0,1,0,0,0,0,1
56,425700,847,2,0,1,0,0,0,0,0,1
33,250000,1231,2,3,1,0,0,0,0,0,1
19,110200,757,1,3,1,0,0,0,0,0,0
46,1045300,8846,1,0,0,1,0,1,0,0,1
38,228800,1041,2,3,1,0,0,0,0,0,1
31,392900,1630,2,3,1,0,0,0,1,0,1
34,231100,1455,3,1,1,0,0,0,1,0,1
41,314000,1521,1,1,0,1,0,1,0,0,0
50,369000,1449,2,2,1,0,0,0,1,0,1
53,445000,1778,3,0,1,0,0,0,1,0,1
33,275600,3244,3,1,1,0,0,0,1,0,1
40,1903300,7442,3,2,1,0,0,0,1,0,1
55,1872200,8865,2,1,1,0,0,0,1,0,1
34,954700,3973,3,2,1,0,0,0,0,0,1
51,1373400,2640,3,1,1,0,0,0,1,0,1
52,1999900,12290,2,2,1,0,0,0,0,0,1
27,227900,2732,3,1,1,0,0,0,1,0,1
35,591600,600,1,2,1,0,0,0,0,0,0
43,208900,2112,3,3,1,0,0,0,1,0,1
45,1679200,7567,0,3,1,0,0,0,1,0,1
37,356400,3056,1,0,1,0,0,0,0,0,1
35,442500,2419,1,1,1,0,0,0,1,0,1
42,526500,1973,2,2,1,0,0,0,1,0,1
38,655300,700,3,2,1,0,0,0,0,0,1
38,626100,2898,3,3,1,0,0,0,0,1,1
27,429800,958,2,0,1,0,0,0,0,1,1
49,680400,2927,3,3,1,0,0,0,0,0,1
34,381500,1878,3,2,1,0,0,0,1,0,1
40,274100,2743,2,3,1,0,0,0,1,0,1
38,667300,562,1,0,1,0,0,0,1,0,0
29,763900,3946,1,3,0,1,0,1,0,0,0
22,232800,1545,3,1,1,0,0,0,0,0,1
36,215300,3168,1,3,1,0,0,0,1,0,1
40,487600,1455,3,3,1,0,0,0,0,0,1
46,939600,1651,3,0,1,0,0,0,1,0,1
32,1040000,5344,3,3,0,1,0,0,1,0,0
30,847400,4204,2,2,1,0,0,0,0,0,1
27,998100,2649,3,2,0,1,0,0,0,0,1
51,1249000,3820,1,1,1,0,0,0,0,0,1
30,265700,2103,3,0,1,0,0,0,0,1,0
41,1359100,538,3,3,0,1,0,0,0,0,1
30,669600,2503,2,0,0,1,0,1,0,0,0
29,205800,2262,2,2,1,0,0,0,0,1,0
45,886500,7262,3,3,0,1,0,0,1,0,1
54,594000,2266,3,0,0,1,0,1,0,0,1
36,591400,4827,3,1,1,0,0,0,0,0,1
33,262200,1268,2,1,1,0,0,0,1,0,1
37,1218500,3778,1,3,1,0,0,0,0,0,1
38,1060900,5944,0,2,0,1,0,0,0,0,1
31,434500,1902,2,2,1,0,0,0,1,0,1
59,217700,439,2,3,1,0,0,0,0,0,1
37,279300,3479,0,3,0,1,0,1,0,0,1
29,791800,4218,1,3,0,1,0,0,1,0,1
35,878900,3813,2,2,0,1,0,1,0,0,1
29,238900,1563,2,3,1,0,0,0,1,0,0
52,321200,930,2,3,1,0,0,0,0,0,1
42,1923200,8417,2,3,1,0,0,0,0,1,1
59,226700,1052,1,2,0,0,0,0,1,0,1
50,1951700,2857,3,3,0,1,0,0,1,0,1
33,243600,1978,2,3,1,0,0,0,1,0,0
43,1606400,6398,3,3,0,1,0,1,0,0,1
33,270700,3619,0,0,1,0,0,0,0,0,0
52,1906800,12407,0,2,0,1,0,0,0,0,1
32,393100,1513,2,1,0,1,0,0,0,0,1
32,373000,1487,3,2,1,0,0,0,0,0,0
39,223200,1201,2,2,1,0,0,0,1,0,1
32,446500,1142,2,3,0,1,0,1,0,0,1
41,307200,710,2,0,1,0,0,0,0,0,1
40,331900,3342,0,3,1,0,0,0,0,1,1
45,1920200,8933,2,3,1,0,0,0,0,0,1
31,1367500,963,1,2,1,0,0,0,1,0,1
33,291100,1060,2,3,1,0,0,0,0,0,1
34,595700,4125,3,0,1,0,0,0,0,0,1
37,392000,1428,2,0,1,0,0,0,1,0,1
45,643400,1239,0,2,1,0,0,0,0,0,1
37,1004800,532,0,2,1,0,0,0,1,0,0
39,1093800,7286,2,2,1,0,0,0,0,1,1
29,234000,2366,2,3,1,0,0,0,0,0,1
42,654500,1413,3,0,1,0,0,0,0,0,1
29,693100,1428,3,3,0,1,0,1,0,0,1
25,489800,1791,0,2,1,0,0,0,0,0,1
42,259300,3626,3,0,1,0,0,0,1,0,1
40,1943600,7849,0,2,1,0,0,0,1,0,1
51,272300,586,2,3,1,0,0,0,0,0,1
31,347900,2206,2,1,1,0,0,0,1,0,0
32,279400,2144,1,1,1,0,0,0,0,0,1
38,524900,3044,3,3,0,1,0,0,0,0,1
32,217600,2539,3,0,1,0,0,0,0,1,1
46,1687200,2791,2,1,0,1,0,0,0,1,1
28,348500,99,0,2,1,0,0,0,0,0,0
29,664400,83,0,1,0,1,0,0,1,0,1
31,558200,3317,1,3,1,0,0,0,1,0,1
25,400000,2351,1,0,1,0,0,0,0,0,1
45,1349600,7544,2,3,1,0,0,0,1,0,1
36,321000,5678,3,3,1,0,0,0,0,0,1
55,1904500,13262,3,0,1,0,0,0,1,0,1
47,1184900,4033,0,1,1,0,0,0,0,0,0
28,207000,1926,3,3,1,0,0,0,1,0,1
37,650200,2017,2,3,0,1,0,0,1,0,1
21,323000,1143,3,2,1,0,0,0,1,0,1
37,1360300,1873,0,3,1,0,0,0,1,0,1
35,1199600,2864,1,1,1,0,0,0,0,0,1
38,560500,3052,0,0,0,1,0,0,1,0,1
26,639700,2429,2,1,1,0,0,0,0,0,1
50,1914400,3814,0,1,1,0,0,0,0,0,1
53,1758400,2173,2,2,1,0,0,0,1,0,1
42,490700,7689,1,2,0,1,0,0,0,0,1
29,455400,3908,1,3,0,1,0,0,0,0,1
55,541500,3739,1,3,1,0,0,0,0,1,1
26,474100,1872,0,0,1,0,0,0,1,0,1
37,211500,6340,3,3,1,0,0,0,0,0,1
44,316100,687,3,2,1,0,0,0,0,0,0
38,574500,773,3,3,1,0,0,0,0,0,1
26,237300,1294,0,1,1,0,0,0,1,0,0
28,331000,2186,3,3,1,0,0,0,0,0,1
49,1866500,1390,2,0,1,0,0,0,0,0,1
36,448500,3076,2,1,1,0,0,0,0,1,1
31,278900,901,3,1,0,1,0,1,0,0,1
26,582800,3241,3,3,0,1,0,1,0,0,0
37,232600,1792,1,3,1,0,0,0,1,0,1
42,1352500,7467,2,1,0,1,0,1,0,0,1
18,142000,344,2,2,1,0,0,0,0,0,0
35,802000,4315,2,1,0,1,0,1,0,0,1
36,368800,422,2,3,1,0,0,0,0,0,1
51,548200,1722,3,1,1,0,0,0,1,0,1
41,1601500,8078,3,1,0,1,0,0,0,0,1
18,120000,359,3,2,0,1,0,0,1,0,1
28,566100,3007,1,0,1,0,0,0,1,0,1
31,692900,3122,1,3,0,1,0,0,0,1,1
39,961300,6719,2,3,1,0,0,0,1,0,1
36,567400,3443,1,1,1,0,0,0,0,0,1
32,548400,4809,3,2,0,1,0,0,0,0,1
38,1206100,3941,0,1,1,0,0,0,0,0,1
58,566000,2054,3,2,1,0,0,0,0,0,1
31,482100,2152,2,3,1,0,0,0,0,1,1
31,641000,969,0,0,0,0,1,0,0,0,1
45,521000,8819,0,0,1,0,0,0,0,0,1
31,269500,1055,2,3,1,0,0,0,0,0,1
33,1187800,3821,3,1,1,0,0,0,0,0,1
39,1706800,7743,2,0,1,0,0,0,1,0,1
43,245500,3303,2,3,1,0,0,0,0,0,1
49,1396400,2666,2,2,1,0,0,0,0,1,1
52,494100,3187,2,1,1,0,0,0,1,0,0
27,247800,1665,2,1,1,0,0,0,0,0,1
32,522800,5002,2,1,0,1,0,0,0,1,1
27,447800,1986,3,2,0,1,0,0,0,0,1
31,754700,2808,3,3,0,1,0,1,0,0,1
32,505500,2667,0,3,1,0,0,0,1,0,1
28,346400,1292,0,3,1,0,0,0,1,0,0
30,577500,4039,3,3,1,0,0,0,1,0,1
31,894300,3769,2,2,1,0,0,0,0,0,1
39,1927200,7875,2,3,1,0,0,0,1,0,1
39,523800,590,3,2,0,1,0,0,1,0,0
33,468200,2880,1,3,0,1,0,1,0,0,1
47,1830000,1378,3,2,1,0,0,0,0,0,1
43,525700,3353,2,2,1,0,0,0,0,0,1
27,634900,1868,2,1,0,1,0,1,0,0,1
54,486900,1667,3,2,1,0,0,0,0,0,1
43,998500,559,2,0,1,0,0,0,0,0,1
45,369700,4033,3,3,1,0,0,0,0,0,1
40,745700,1625,1,3,0,1,0,0,1,0,1
29,211900,2604,1,0,1,0,0,0,0,0,0
29,398300,1487,1,3,1,0,0,0,0,0,1
30,611800,3893,3,2,0,1,0,1,0,0,1
27,621400,3264,1,1,0,1,0,1,0,0,1
37,634700,2549,3,3,1,0,0,0,1,0,1
38,1151000,4088,2,3,1,0,0,0,0,0,1
31,714300,4132,2,3,1,0,0,0,1,0,1
29,826800,2714,3,1,0,1,0,1,0,0,1
35,809500,5957,2,1,1,0,0,0,0,1,1
23,290400,1588,2,3,1,0,0,0,0,0,1
41,603200,2001,3,1,1,0,0,0,1,0,1
47,297600,112,1,2,0,1,0,0,1,0,1
42,1599200,598,0,3,1,0,0,0,0,0,1
29,464900,1741,3,2,0,1,0,0,0,0,1
42,269600,1363,2,2,0,0,0,0,0,1,1
32,237000,3223,2,1,1,0,0,0,1,0,1
48,1250400,370,0,2,0,1,0,0,1,0,1
37,597400,2635,2,0,1,0,0,0,1,0,1
30,473600,970,3,2,0,1,0,0,0,1,1
26,529600,3274,2,2,0,1,0,0,0,0,1
42,678100,590,0,3,1,0,0,0,0,0,1
21,217400,1151,0,1,0,1,0,0,0,1,0
36,665300,612,3,3,0,1,0,0,1,0,1
36,969900,4984,0,3,0,1,0,0,1,0,1
57,675500,1291,3,2,1,0,0,0,1,0,1
40,221300,2805,3,2,1,0,0,0,0,0,1
21,261000,1470,0,3,0,1,0,0,1,0,1
33,285100,704,3,2,0,1,0,1,0,0,0
37,345200,1994,2,0,1,0,0,0,1,0,1
46,525800,617,2,2,1,0,0,0,1,0,1
41,935500,3146,0,1,0,1,0,1,0,0,0
50,1049600,1813,3,3,1,0,0,0,0,1,1
40,638000,2355,2,2,0,1,0,1,0,0,0
31,265700,827,2,1,1,0,0,0,0,0,1
21,271600,462,2,1,0,1,0,0,0,0,0
29,220100,1391,3,3,1,0,0,0,0,0,1
35,654000,687,2,1,1,0,0,0,0,0,1
27,381600,2123,3,1,1,0,0,0,1,0,1
28,525300,2821,1,3,0,1,0,0,0,0,1
49,1096500,2011,1,2,1,0,0,0,0,0,1
51,493600,2880,2,3,0,1,0,0,0,0,1
36,254300,792,3,2,1,0,0,0,0,0,1
34,530400,1877,0,3,0,1,0,1,0,0,0
55,1665900,1930,2,3,1,0,0,0,0,0,1
24,426000,2184,3,2,0,1,0,1,0,0,1
30,247600,571,2,1,0,1,0,0,0,1,1
26,310200,2246,2,0,1,0,0,0,0,1,0
22,224400,796,0,1,1,0,0,0,1,0,1
36,759600,3891,1,2,0,1,0,0,1,0,1
30,228500,524,2,3,1,0,0,0,0,1,0
37,303400,6687,3,0,1,0,0,0,0,0,1
40,571500,2050,3,1,0,1,0,1,0,0,1
42,257600,2120,1,0,1,0,0,0,0,0,1
37,419700,503,2,1,1,0,0,0,0,0,1
43,1433600,9288,0,1,1,0,0,0,0,0,1
40,344800,481,1,2,1,0,0,0,1,0,1
54,1940600,1649,0,0,1,0,0,0,1,0,1
34,653800,1301,2,2,0,1,0,1,0,0,1
31,430600,4854,1,0,1,0,0,0,1,0,1
43,225800,1133,3,3,1,0,0,0,1,0,1
43,452200,1867,2,2,1,0,0,0,0,0,1
25,448700,1973,1,3,0,1,0,0,0,0,1
37,444900,4985,1,2,1,0,0,0,1,0,1
31,221800,1545,3,0,1,0,0,0,0,0,1
39,1919700,8004,1,2,1,0,0,0,0,0,1
56,1321200,2655,2,0,0,1,0,0,0,0,1
30,657700,2168,1,2,0,1,0,0,0,1,1
41,839200,3869,1,0,0,1,0,1,0,0,1
28,455800,3744,2,0,1,0,0,0,1,0,1
25,403100,806,0,0,1,0,0,0,1,0,0
52,796900,2200,3,2,1,0,0,0,1,0,1
45,265400,1056,0,3,1,0,0,0,0,0,1
52,1655500,2029,3,3,1,0,0,0,0,0,1
42,455600,2120,0,2,1,0,0,0,0,0,1
30,609100,1971,2,3,1,0,0,0,0,0,1
60,1956600,10808,0,0,1,0,0,0,0,0,1
46,481000,3938,2,2,1,0,0,0,1,0,1
42,452300,2512,3,3,1,0,0,0,0,1,1
24,320200,1995,0,1,0,1,0,0,0,1,0
34,235100,982,3,2,0,1,0,1,0,0,0
38,170200,415,3,3,1,0,0,0,0,0,1
40,1804100,7599,2,2,0,1,0,0,0,0,1
26,288600,1132,0,3,1,0,0,0,0,0,1
30,209700,2121,2,3,1,0,0,0,0,0,1
29,1193500,3904,1,2,1,0,0,0,1,0,1
29,254600,854,2,1,1,0,0,0,0,1,0
19,256400,743,0,3,0,0,0,0,0,1,0
30,841200,3564,2,0,0,1,0,0,0,0,1
57,1411800,579,0,3,0,1,0,1,0,0,1
50,1704600,10129,1,2,1,0,0,0,0,0,1
30,256400,4185,2,3,1,0,0,0,1,0,1
60,1026600,6965,2,0,0,1,0,1,0,0,1
47,507000,2051,0,3,1,0,0,0,1,0,1
46,1786100,1475,0,2,1,0,0,0,0,0,1
35,423000,2161,3,2,1,0,0,0,0,0,1
54,378000,513,2,2,1,0,0,0,0,0,1
34,276800,2803,3,2,1,0,0,0,0,0,1
46,907100,1173,2,3,0,1,0,1,0,0,1
31,1064800,4786,2,1,1,0,0,0,0,0,1
33,1361000,2682,1,2,1,0,0,0,1,0,0
33,340800,1618,0,3,1,0,0,0,1,0,0
30,298300,1290,3,1,0,1,0,1,0,0,1
35,763200,3236,3,2,1,0,0,0,0,0,1
31,982400,665,0,2,1,0,0,0,0,0,0
34,995000,1303,1,0,0,0,1,0,0,0,0
42,209300,813,1,2,1,0,0,0,0,0,1
36,998000,3698,1,3,0,1,0,0,1,0,1
22,389400,846,2,2,1,0,0,0,0,1,0
48,405100,3343,1,3,0,1,0,1,0,0,1
55,1683500,3903,0,1,0,1,0,0,0,0,1
41,623000,5339,3,3,0,1,0,0,0,0,1
35,471700,4194,1,2,0,1,0,1,0,0,1
40,1323700,7506,1,2,1,0,0,0,0,0,1
39,375500,3034,2,2,1,0,0,0,0,0,1
31,658200,2306,1,3,0,1,0,0,0,0,1
42,740600,3931,3,0,1,0,0,0,1,0,1
45,480500,3094,3,1,0,1,0,0,0,0,1
26,274100,2795,1,2,0,0,0,0,0,0,0
29,426200,1333,3,3,1,0,0,0,0,1,1
33,1618400,2330,0,2,1,0,0,0,1,0,1
31,1155700,1984,2,3,0,1,0,0,0,0,1
18,187800,290,1,1,0,1,0,1,0,0,0
40,1093200,744,2,0,0,1,0,0,0,0,1
41,681100,3044,0,2,1,0,0,0,0,0,1
26,430600,164,0,2,0,1,0,0,1,0,1
35,485900,1879,0,2,0,1,0,0,1,0,1
34,533700,3969,3,3,0,1,0,0,0,0,1
26,234000,497,2,3,1,0,0,0,0,1,0
37,749100,2223,1,3,1,0,0,0,0,1,1
46,1052700,1057,0,2,1,0,0,0,1,0,1
41,1659500,6636,1,0,0,1,0,0,0,0,1
37,883400,3485,0,1,0,1,0,0,1,0,1
52,557700,3684,3,0,1,0,0,0,0,1,1
32,470700,1705,3,2,0,1,0,0,0,0,0
24,240000,951,3,3,0,1,0,0,1,0,1
38,982400,563,2,2,1,0,0,0,1,0,1
37,644700,2439,1,1,1,0,0,0,0,0,1
49,1950200,11543,3,2,1,0,0,0,0,0,1
24,272500,2226,1,3,1,0,0,0,1,0,1
26,627200,1880,0,1,0,1,0,1,0,0,1
24,212700,693,3,1,1,0,0,0,0,0,1
50,1820000,12014,0,1,0,0,0,0,1,0,1
25,209600,2662,1,2,0,1,0,0,1,0,1
24,288600,2444,0,2,1,0,0,0,0,0,0
30,203300,406,1,0,0,1,0,0,0,0,0
34,362200,2232,1,3,1,0,0,0,0,0,1
31,423300,1373,1,0,0,1,0,0,1,0,0
35,368100,1292,0,3,1,0,0,0,0,0,1
31,546000,2847,0,3,0,1,0,0,1,0,1
27,218700,1924,0,2,1,0,0,0,1,0,1
37,960200,1481,3,2,0,1,0,1,0,0,1
20,283600,749,3,1,1,0,0,0,0,0,1
42,408900,3985,2,3,1,0,0,0,0,0,1
43,1662700,737,1,3,1,0,0,0,0,0,1
38,261900,221,2,0,1,0,0,0,0,0,1
43,567900,3248,3,2,1,0,0,0,1,0,1
48,1540200,1221,3,0,1,0,0,0,0,0,1
44,598500,981,0,2,0,0,0,0,0,0,1
34,257900,3204,2,2,0,1,0,0,0,1,1
27,304100,1560,2,0,0,1,0,1,0,0,0
21,344700,1199,2,2,0,1,0,0,0,1,1
44,1951300,776,3,3,1,0,0,0,0,0,1
22,277300,1090,0,2,1,0,0,0,1,0,1
33,710400,1996,2,2,0,1,0,1,0,0,1
32,632200,2425,0,3,1,0,0,0,0,0,1
30,208300,523,2,2,1,0,0,0,1,0,1
53,838100,5317,3,0,0,1,0,0,1,0,1
34,269100,3823,1,3,1,0,0,0,0,0,1
45,428600,468,0,0,0,1,0,0,0,0,0
26,265900,1158,2,3,1,0,0,0,0,0,1
37,943400,3976,2,2,1,0,0,0,0,0,1
29,556100,2273,1,2,0,1,0,0,1,0,1
35,664600,6372,1,3,1,0,0,0,0,0,1
33,772500,5043,2,3,1,0,0,0,0,0,1
54,1072500,3662,2,1,0,0,0,0,1,0,1
36,884700,1324,1,1,1,0,0,0,1,0,1
27,204500,1701,0,3,1,0,0,0,1,0,1
20,100900,684,3,2,1,0,0,0,1,0,0
33,334800,3812,0,0,1,0,0,0,0,0,0
35,128100,685,2,2,1,0,0,0,0,0,1
23,281900,1127,0,0,1,0,0,0,1,0,1
25,485100,1432,3,1,0,1,0,0,0,0,1
38,402800,2587,3,3,0,1,0,1,0,0,1
29,272000,3778,1,3,1,0,0,0,0,0,1
48,812000,908,1,1,0,1,0,1,0,0,1
27,464700,2442,3,3,0,1,0,0,1,0,1
37,468000,508,3,3,1,0,0,0,0,0,1
50,322100,7495,3,2,1,0,0,0,1,0,1
34,862100,2975,3,1,1,0,0,0,1,0,1
24,457700,1090,0,2,0,1,0,0,0,0,0
39,455300,7690,3,2,1,0,0,0,0,1,1
32,539600,3912,3,3,0,1,0,1,0,0,1
50,679600,1667,1,2,0,1,0,0,0,1,0
38,762500,3338,1,3,1,0,0,0,0,0,1
27,741200,3534,2,0,1,0,0,0,0,0,1
32,1115900,2773,2,3,1,0,0,0,0,0,1
47,496000,2779,3,0,0,1,0,1,0,0,1
40,1047500,6613,3,0,0,1,0,0,0,0,1
53,1481400,2154,2,2,1,0,0,0,0,0,1
41,1914100,7865,1,3,0,0,1,0,0,0,1
60,540500,1007,0,0,0,1,0,1,0,0,1
27,879300,3630,3,0,1,0,0,0,0,0,1
41,1918900,8314,3,2,0,0,1,0,0,0,1
50,387500,1072,3,1,0,1,0,1,0,0,1
28,221600,2820,0,1,1,0,0,0,0,0,0
36,1171300,3078,0,0,1,0,0,0,0,0,1
38,786100,625,2,2,1,0,0,0,0,0,1
44,370800,2014,0,2,1,0,0,0,1,0,1
47,1377000,8240,3,2,0,1,0,0,1,0,1
30,530400,3182,2,3,0,1,0,1,0,0,1
29,264200,536,2,2,0,1,0,0,0,0,1
42,275900,1106,2,2,1,0,0,0,1,0,0
43,680400,961,3,3,0,1,0,0,0,0,1
34,614200,2120,1,2,1,0,0,0,1,0,1
23,250000,1622,1,0,1,0,0,0,1,0,1
39,638900,3051,2,1,0,0,1,0,0,0,1
56,1110300,3762,2,3,1,0,0,0,1,0,1
40,234200,1786,3,3,1,0,0,0,1,0,1
27,681100,2630,3,0,1,0,0,0,1,0,1
29,229700,1013,3,1,0,1,0,1,0,0,1
53,245000,785,3,3,1,0,0,0,0,0,1
35,509300,693,3,0,1,0,0,0,0,0,1
32,530900,4024,0,3,1,0,0,0,0,0,1
38,305700,691,3,2,1,0,0,0,1,0,1
34,512100,386,1,0,1,0,0,0,0,0,1
52,1685600,12730,2,0,0,1,0,1,0,0,1
33,268600,3845,3,3,1,0,0,0,0,0,0
25,618000,2485,2,3,0,1,0,0,1,0,1
45,663200,3029,1,2,0,1,0,0,0,1,1
23,350500,1076,0,2,1,0,0,0,1,0,1
47,639700,2066,1,2,0,1,0,0,0,0,0
34,627400,2531,3,3,0,1,0,0,0,0,1
55,1985900,2115,3,0,1,0,0,0,1,0,0
36,758700,3839,0,0,0,1,0,0,0,0,1
52,425800,1620,3,3,1,0,0,0,1,0,1
26,436400,959,0,3,1,0,0,0,0,0,1
29,433500,3027,1,2,1,0,0,0,1,0,1
26,532600,1603,3,0,0,1,0,0,0,1,0
34,328000,1659,1,3,1,0,0,0,0,0,1
54,548500,2081,3,0,1,0,0,0,1,0,1
27,434200,1788,2,3,0,1,0,1,0,0,1
37,278200,2110,3,0,1,0,0,0,0,0,1
38,598000,5758,0,0,1,0,0,0,0,0,1
34,438100,2299,2,0,1,0,0,0,1,0,1
35,257200,1324,0,3,0,1,0,0,0,0,1
30,383300,1038,3,2,1,0,0,0,0,0,1
40,424400,3312,2,1,1,0,0,0,1,0,1
34,650000,1351,2,0,0,1,0,0,0,0,1
42,1843000,8971,1,3,1,0,0,0,0,0,1
23,160100,41,2,0,1,0,0,0,0,0,0
24,269400,672,2,1,1,0,0,0,0,0,1
52,314900,1941,3,2,1,0,0,0,0,0,1
50,1763900,1767,2,2,1,0,0,0,1,0,1
29,231900,625,1,0,1,0,0,0,0,0,0
33,1169100,5043,2,2,1,0,0,0,1,0,1
33,532400,1325,0,0,0,1,0,1,0,0,0
47,1675200,9631,2,3,1,0,0,0,0,0,1
36,522800,3522,2,1,1,0,0,0,0,0,1
29,270000,3751,2,2,1,0,0,0,0,0,1
58,1924600,11463,3,1,1,0,0,0,0,0,0
35,250600,773,3,2,1,0,0,0,0,0,1
42,606200,1775,3,3,1,0,0,0,0,0,1
28,438200,1075,2,2,1,0,0,0,1,0,0
36,214300,1891,2,1,0,0,1,0,0,0,1
32,616200,5453,2,2,1,0,0,0,0,0,1
40,509400,427,0,2,1,0,0,0,1,0,1
30,687700,339,2,3,1,0,0,0,1,0,1
45,227400,617,1,2,1,0,0,0,0,0,1
42,443400,3433,1,1,1,0,0,0,0,0,1
38,628800,1589,0,0,1,0,0,0,0,0,1
34,255300,1883,2,3,1,0,0,0,0,0,1
49,765400,3658,2,3,0,1,0,1,0,0,0
55,516000,3457,2,3,0,1,0,0,1,0,0
43,1715900,1834,1,0,1,0,0,0,0,0,1
27,1280800,3582,2,3,1,0,0,0,0,1,1
35,1022100,3305,2,2,1,0,0,0,0,0,1
28,477900,2999,1,1,0,1,0,1,0,0,1
34,373700,1281,2,3,0,0,1,0,0,0,1
26,236600,3298,2,2,1,0,0,0,1,0,0
27,170600,239,3,3,1,0,0,0,1,0,1
51,1630700,7568,0,2,0,1,0,1,0,0,1
44,593300,2201,3,1,1,0,0,0,1,0,1
25,342400,1599,0,0,1,0,0,0,1,0,1
33,403700,3341,0,0,0,1,0,0,1,0,1
35,255900,2232,2,0,1,0,0,0,1,0,1
36,620100,6744,1,3,0,1,0,0,0,0,1
32,440300,2123,1,3,0,1,0,0,0,0,1
30,376100,1954,1,3,1,0,0,0,0,0,1
53,1093400,1860,0,3,0,1,0,1,0,0,1
45,1076100,1891,3,0,0,1,0,1,0,0,1
32,517500,2126,2,2,1,0,0,0,1,0,1
52,1382600,3416,2,3,1,0,0,0,1,0,1
37,633400,754,3,2,0,1,0,1,0,0,1
28,493600,2154,1,3,0,0,0,0,1,0,1
22,477500,931,3,3,1,0,0,0,0,0,1
44,281800,1422,0,3,1,0,0,0,0,0,1
42,251500,1085,1,3,1,0,0,0,1,0,1
36,234200,2100,0,0,0,0,0,0,0,0,1
25,419400,1986,2,0,0,1,0,0,0,0,1
35,1068500,6419,3,2,1,0,0,0,0,0,1
35,202200,3794,3,1,1,0,0,0,0,0,0
32,231400,1441,3,3,1,0,0,0,0,0,1
25,425600,2180,2,0,0,1,0,1,0,0,1
49,358000,1504,2,0,1,0,0,0,0,1,1
24,316200,1902,0,3,1,0,0,0,0,0,1
32,652400,4004,1,1,0,1,0,0,0,0,1
38,289900,971,1,1,0,1,0,1,0,0,1
42,523100,2045,2,3,1,0,0,0,0,0,1
31,235600,2520,3,3,1,0,0,0,0,0,1
29,280000,1456,1,2,0,1,0,0,1,0,0
53,1183600,1068,0,3,0,1,0,1,0,0,1
35,1090300,4787,3,1,1,0,0,0,0,1,1
37,297300,2071,2,3,0,1,0,0,1,0,1
53,1427500,4517,3,3,1,0,0,0,0,0,1
43,556200,2212,3,3,1,0,0,0,0,0,1
47,453700,2761,2,3,0,1,0,1,0,0,1
37,764200,3695,0,1,0,1,0,0,1,0,1
50,1792400,11396,0,0,1,0,0,0,0,0,1
39,520400,1890,3,3,0,0,0,0,0,0,1
33,227700,1679,3,1,0,0,1,0,0,0,1
32,279500,648,0,3,1,0,0,0,0,0,0
29,253200,1812,0,3,1,0,0,0,1,0,1
44,255900,3037,1,0,1,0,0,0,0,0,1
28,490800,1498,0,3,0,1,0,0,1,0,1
58,238000,520,3,3,1,0,0,0,0,0,0
43,476500,696,0,1,1,0,0,0,0,0,1
20,204400,856,2,2,0,1,0,0,1,0,0
21,269300,672,3,3,1,0,0,0,0,0,0
36,658600,6066,2,3,1,0,0,0,0,0,1
47,329400,1366,3,3,0,1,0,0,0,0,1
22,417100,1412,1,2,1,0,0,0,0,0,0
41,277800,2730,1,3,1,0,0,0,0,0,0
28,237700,960,2,2,1,0,0,0,1,0,1
39,240400,1088,3,0,1,0,0,0,1,0,0
27,231800,682,1,2,1,0,0,0,0,0,1
34,200800,715,1,1,1,0,0,0,0,0,1
42,624400,1899,2,2,0,1,0,0,1,0,1
33,279900,1266,2,0,1,0,0,0,0,0,1
58,1055200,2377,2,1,1,0,0,0,0,1,1
31,232900,2771,1,2,0,1,0,0,0,0,1
35,401400,3707,3,3,1,0,0,0,0,0,1
49,740300,9840,0,1,1,0,0,0,0,0,1
48,225900,134,3,2,1,0,0,0,1,0,1
31,693200,3396,3,2,0,1,0,1,0,0,1
36,467800,2296,1,3,1,0,0,0,0,0,1
38,1358200,5734,3,0,1,0,0,0,0,1,1
32,233200,1466,2,1,1,0,0,0,0,0,1
25,241300,656,2,1,0,1,0,1,0,0,0
40,970500,709,0,1,0,1,0,1,0,0,1
26,429400,2693,2,0,0,1,0,0,1,0,1
41,472100,6681,3,0,1,0,0,0,1,0,1
36,251900,4207,2,2,1,0,0,0,1,0,1
19,212100,535,3,1,0,1,0,0,0,0,0
20,297300,483,0,0,1,0,0,0,0,1,0
31,585500,3541,3,3,1,0,0,0,1,0,1
40,361700,646,3,1,1,0,0,0,1,0,1
32,672500,3246,2,0,1,0,0,0,1,0,1
36,1032500,5951,2,3,0,1,0,0,0,0,0
33,694900,1980,1,3,1,0,0,0,0,0,1
37,1060900,5464,0,2,0,1,0,0,0,0,0
45,444700,3635,2,1,1,0,0,0,0,0,1
29,215700,1425,2,3,0,1,0,0,0,1,1
35,460100,2170,2,2,0,1,0,0,1,0,1
52,1709900,3354,3,3,1,0,0,0,0,0,1
58,247900,624,3,2,1,0,0,0,0,1,0
53,1485200,6384,2,2,0,1,0,0,1,0,1
30,726400,3142,2,2,0,1,0,0,0,0,1
38,566600,1986,2,3,0,1,0,0,0,1,1
35,782300,4038,3,3,0,1,0,0,0,0,1
39,788000,3084,0,2,0,1,0,0,0,0,1
40,1319400,723,1,1,0,1,0,0,0,0,0
47,506700,7255,2,2,1,0,0,0,1,0,1
36,507900,2822,0,3,0,1,0,0,0,1,1
31,232100,1150,2,0,1,0,0,0,1,0,0
33,1744400,3822,3,2,0,1,0,0,0,0,1
29,240400,124,3,0,1,0,0,0,0,0,0
33,345200,1385,1,3,1,0,0,0,0,0,1
45,227000,1863,3,3,1,0,0,0,1,0,1
50,1739900,1883,3,3,1,0,0,0,1,0,1
33,548800,2238,2,1,1,0,0,0,0,0,1
41,1941900,6641,0,2,1,0,0,0,1,0,1
27,281100,1100,2,1,1,0,0,0,0,1,1
45,363300,3615,3,0,1,0,0,0,0,0,1
47,416300,3533,3,3,0,1,0,0,0,0,1
30,213200,1985,0,2,1,0,0,0,0,0,0
50,1397300,4497,3,2,1,0,0,0,0,0,1
38,268400,799,2,2,1,0,0,0,1,0,1
46,1084500,3009,3,2,1,0,0,0,1,0,1
24,437700,1617,3,2,1,0,0,0,1,0,1
35,374300,1744,2,1,1,0,0,0,0,0,0
31,414800,1574,2,0,1,0,0,0,0,0,1
18,105100,270,1,3,1,0,0,0,0,0,1
54,1073900,4024,2,2,1,0,0,0,0,1,1
35,1038800,5894,2,2,1,0,0,0,1,0,1
30,1141600,3116,1,0,1,0,0,0,0,0,1
20,260000,518,3,0,1,0,0,0,1,0,0
30,242200,1466,1,1,1,0,0,0,1,0,0
26,547200,2997,3,3,1,0,0,0,1,0,1
22,245100,1826,1,0,1,0,0,0,0,0,1
48,424000,769,0,2,1,0,0,0,0,0,1
48,1099900,5590,2,2,1,0,0,0,0,0,1
41,500300,833,3,2,1,0,0,0,1,0,1
39,1274200,7888,3,3,1,0,0,0,0,0,1
27,422700,1300,0,3,1,0,0,0,0,0,1
35,391700,1160,1,3,1,0,0,0,0,0,1
42,1830300,517,3,2,0,1,0,1,0,0,1
50,238000,479,0,3,1,0,0,0,0,0,1
59,1372600,1930,2,3,1,0,0,0,0,0,1
37,477700,752,0,1,1,0,0,0,1,0,0
55,638500,3240,2,1,1,0,0,0,1,0,1
41,1997300,7955,1,2,1,0,0,0,0,0,1
38,686100,522,1,3,0,1,0,0,0,0,1
26,496900,777,1,0,0,1,0,0,1,0,0
52,1984500,11744,0,3,0,1,0,1,0,0,0
44,1332000,4607,3,3,0,1,0,0,1,0,1
50,634700,6908,3,2,0,1,0,0,0,0,1
36,274300,6347,2,0,1,0,0,0,0,0,0
39,1088000,7892,3,0,1,0,0,0,1,0,1
33,234200,870,1,3,0,1,0,0,0,0,1
45,1765000,3490,3,3,0,1,0,0,0,0,1
32,402500,3128,3,2,1,0,0,0,1,0,1
34,972500,5625,1,3,0,1,0,1,0,0,1
59,1190400,2380,1,3,0,1,0,0,0,1,1
45,217700,2256,1,1,0,0,0,0,1,0,1
53,752500,5837,2,1,0,1,0,1,0,0,1
36,483400,686,0,2,1,0,0,0,0,0,0
26,204200,1269,0,0,1,0,0,0,0,0,0
34,222000,405,2,2,0,1,0,0,0,0,1
28,105200,552,3,1,0,1,0,0,1,0,1
38,282100,859,2,2,1,0,0,0,0,0,1
50,1923700,3112,1,2,1,0,0,0,1,0,1
37,410700,1494,3,1,1,0,0,0,0,0,1
40,839600,2592,2,0,0,1,0,1,0,0,1
26,200700,2149,0,2,1,0,0,0,1,0,1
46,1962700,927,3,3,1,0,0,0,1,0,1
54,1068600,3446,2,2,0,1,0,0,0,0,1
56,294200,1906,0,2,1,0,0,0,1,0,1
36,885800,5150,3,3,1,0,0,0,1,0,1
55,1675600,3328,2,0,1,0,0,0,1,0,1
43,1079800,707,2,3,0,1,0,0,1,0,1
20,232300,887,3,3,0,1,0,1,0,0,0
21,141600,456,2,0,1,0,0,0,0,0,0
46,461500,5876,3,0,1,0,0,0,0,0,1
51,246100,3825,0,2,1,0,0,0,0,0,0
28,872200,3813,1,0,1,0,0,0,0,1,0
26,395500,2166,0,0,1,0,0,0,1,0,1
30,995700,2295,2,0,1,0,0,0,0,0,1
41,337600,3690,1,2,1,0,0,0,0,1,1
38,882300,7171,2,2,1,0,0,0,0,0,1
40,1032200,4054,0,3,1,0,0,0,0,1,1
27,462100,1391,0,2,1,0,0,0,0,0,1
55,1097600,1460,3,1,1,0,0,0,0,0,1
28,366000,3298,2,2,1,0,0,0,0,0,1
44,1048200,7399,1,0,0,0,0,0,1,0,0
33,711900,1388,3,3,1,0,0,0,0,0,1
35,958200,3006,3,0,0,1,0,0,0,1,0
33,450800,4977,0,2,1,0,0,0,1,0,0
28,220700,1781,0,2,1,0,0,0,0,0,1
34,775600,2296,0,3,1,0,0,0,0,0,1
37,669400,444,3,3,0,1,0,0,0,0,1
25,369100,2946,3,3,1,0,0,0,0,1,0
26,237700,594,0,2,1,0,0,0,1,0,0
33,231300,963,0,1,1,0,0,0,1,0,0
42,1766500,8420,3,0,1,0,0,0,1,0,1
28,259600,618,0,1,1,0,0,0,1,0,0
50,472800,179,3,2,0,1,0,0,0,0,0
33,430200,1448,3,1,0,1,0,0,0,0,1
34,297900,349,2,3,1,0,0,0,0,0,1
48,1688500,1901,0,3,1,0,0,0,1,0,1
45,559300,5566,1,2,0,1,0,0,0,0,1
52,1044500,3191,1,1,1,0,0,0,0,0,1
38,874000,3234,2,2,0,1,0,1,0,0,1
29,251400,2700,2,3,1,0,0,0,0,0,1
28,765500,3462,3,1,1,0,0,0,1,0,1
46,1746500,4470,0,2,0,1,0,1,0,0,1
38,735100,711,3,1,0,1,0,1,0,0,1
43,1082000,3151,2,0,1,0,0,0,0,0,1
39,1216900,6775,0,3,1,0,0,0,0,0,0
40,1962600,7446,2,2,1,0,0,0,1,0,1
21,207000,984,3,1,1,0,0,0,0,1,1
39,678200,2166,2,1,1,0,0,0,0,0,1
36,777900,4375,0,3,1,0,0,0,0,0,1
31,279100,1029,2,3,0,1,0,0,0,0,1
28,320100,1889,0,1,1,0,0,0,0,0,1
35,496800,2095,3,3,0,1,0,1,0,0,1
49,1312000,3391,3,1,0,1,0,0,0,1,1
34,403300,1487,3,2,1,0,0,0,0,0,1
29,329100,2589,3,1,1,0,0,0,0,0,1
42,427200,438,1,3,1,0,0,0,1,0,1
29,505600,3786,1,3,1,0,0,0,1,0,1
38,284400,2913,2,2,0,0,1,0,0,0,1
28,270300,1346,2,2,1,0,0,0,0,0,1
18,190400,52,2,2,1,0,0,0,1,0,0
33,822400,1999,0,0,0,1,0,1,0,0,0
41,476600,757,1,3,1,0,0,0,0,0,1
31,261000,952,2,2,1,0,0,0,1,0,0
37,573100,2321,2,3,1,0,0,0,1,0,1
27,253900,1587,3,2,1,0,0,0,0,0,1
34,571400,2268,1,2,0,1,0,0,0,0,1
35,432300,2176,2,2,0,0,0,0,0,1,1
29,733600,4330,3,0,0,1,0,0,0,0,0
40,1349900,6651,1,2,1,0,0,0,1,0,1
42,1375800,8010,2,0,0,1,0,0,0,0,0
42,515500,2542,1,0,0,1,0,1,0,0,1
35,225800,3295,3,2,1,0,0,0,1,0,1
24,359700,1553,3,1,1,0,0,0,1,0,1
28,251500,408,2,3,1,0,0,0,0,0,0
26,442000,3080,0,3,1,0,0,0,1,0,1
30,657800,3768,2,2,0,1,0,1,0,0,1
40,442200,490,2,3,1,0,0,0,1,0,1
35,1027400,2873,2,1,1,0,0,0,0,0,1
34,534300,4935,3,0,1,0,0,0,1,0,1
35,237600,1046,3,3,1,0,0,0,0,0,1
43,534600,1623,0,2,0,1,0,1,0,0,0
32,282700,468,2,0,0,1,0,0,0,0,1
56,1994300,2059,3,0,1,0,0,0,0,1,1
29,313100,4025,1,3,1,0,0,0,1,0,1
19,255200,641,2,0,1,0,0,0,0,0,1
45,447700,1357,0,2,1,0,0,0,1,0,1
37,647400,5340,3,3,1,0,0,0,0,0,1
20,303300,836,0,2,1,0,0,0,0,0,1
44,293600,2271,2,2,1,0,0,0,0,0,0
53,1860600,2939,3,2,1,0,0,0,1,0,1
29,216800,1933,1,3,1,0,0,0,0,0,1
22,285300,387,2,3,1,0,0,0,0,0,0
46,1704800,9689,2,0,0,1,0,1,0,0,1
44,229000,319,3,2,1,0,0,0,0,0,1
33,360000,1881,1,2,0,0,1,0,0,0,1
41,210700,564,0,0,1,0,0,0,0,0,0
30,411500,1647,2,0,0,1,0,0,0,0,1
40,432700,281,1,1,0,1,0,0,1,0,1
50,1785600,984,3,0,1,0,0,0,1,0,1
28,319600,2570,3,0,1,0,0,0,1,0,1
46,1908100,1814,3,1,1,0,0,0,0,0,1
35,896600,2894,2,0,0,1,0,0,0,0,1
24,221000,701,3,1,1,0,0,0,0,0,0
33,453900,3716,1,2,0,1,0,0,1,0,1
36,274100,2856,2,2,1,0,0,0,0,0,1
30,349100,3920,2,2,1,0,0,0,0,0,1
44,454100,7603,3,3,1,0,0,0,0,0,1
20,267800,1020,2,3,0,1,0,1,0,0,1
46,737900,2389,3,3,1,0,0,0,0,1,1
42,627200,1618,3,0,0,0,0,0,1,0,1
60,522000,4123,1,3,0,1,0,1,0,0,1
32,274300,1021,2,1,1,0,0,0,0,0,1
32,499800,3019,3,2,1,0,0,0,0,0,1
36,1025200,2890,2,0,1,0,0,0,0,1,1
33,278100,5501,0,3,1,0,0,0,1,0,1
40,685200,2064,1,1,0,1,0,0,0,1,1
25,495000,1539,2,3,0,1,0,0,0,0,1
30,357900,4155,3,1,1,0,0,0,1,0,1
42,1319100,469,0,0,1,0,0,0,1,0,1
35,1037700,4964,2,3,0,1,0,1,0,0,1
27,223500,3507,0,0,1,0,0,0,0,0,1
54,1050200,1986,3,2,1,0,0,0,0,0,1
44,201100,3747,0,3,1,0,0,0,0,0,1
19,185900,519,0,1,1,0,0,0,1,0,0
29,376000,1376,0,3,1,0,0,0,0,0,1
54,1777900,3752,3,3,1,0,0,0,0,0,1
31,683300,2327,2,0,1,0,0,0,1,0,1
31,681200,3862,2,0,1,0,0,0,1,0,1
59,517100,2321,2,3,0,1,0,0,0,0,1
43,1974000,2986,2,3,1,0,0,0,0,0,1
49,1871100,665,0,2,1,0,0,0,1,0,1
36,369200,4183,2,1,1,0,0,0,0,1,1
48,255900,689,3,1,1,0,0,0,0,1,1
27,251700,2161,0,2,1,0,0,0,0,0,1
29,662300,2473,2,3,1,0,0,0,0,0,1
48,1826500,557,3,3,1,0,0,0,0,0,1
29,1612400,2837,3,3,1,0,0,0,0,0,1
34,258500,502,2,2,1,0,0,0,0,1,1
44,1821300,8318,1,1,0,1,0,1,0,0,1
33,838000,3473,3,2,0,1,0,1,0,0,1
19,299400,421,1,3,1,0,0,0,0,0,1
23,122300,597,3,2,1,0,0,0,0,0,1
25,111800,649,2,3,0,1,0,0,0,0,0
26,287500,3157,2,3,1,0,0,0,0,0,1
45,1882400,8981,0,1,0,1,0,1,0,0,0
55,1357700,12101,3,1,1,0,0,0,1,0,1
21,262500,950,0,2,1,0,0,0,0,0,0
46,1878900,4117,3,1,0,1,0,1,0,0,1
34,453800,1170,2,0,0,1,0,1,0,0,1
51,1984700,10659,3,1,0,1,0,0,0,0,1
59,1051200,3562,3,3,1,0,0,0,1,0,1
34,444400,4183,2,1,1,0,0,0,1,0,1
28,215400,1817,3,2,1,0,0,0,1,0,1
44,1919000,9180,2,0,1,0,0,0,0,0,1
34,449000,3700,2,1,0,0,0,0,0,0,1
35,350600,1202,2,2,1,0,0,0,0,0,1
42,237200,624,1,1,1,0,0,0,1,0,1
43,1023100,7887,3,3,0,1,0,1,0,0,1
36,541000,6202,2,1,1,0,0,0,0,0,1
44,797800,4017,0,3,1,0,0,0,1,0,0
28,386700,1082,3,3,1,0,0,0,0,0,1
51,283800,2832,1,2,1,0,0,0,1,0,1
30,469500,3253,2,2,1,0,0,0,1,0,1
29,333900,2650,1,2,1,0,0,0,0,1,0
28,208000,1209,3,0,1,0,0,0,0,1,1
25,209600,837,3,1,1,0,0,0,1,0,1
32,620900,3942,2,3,0,1,0,0,1,0,1
45,1806100,382,1,1,1,0,0,0,1,0,1
39,1712300,7129,2,1,1,0,0,0,1,0,1
58,237200,829,0,2,1,0,0,0,0,0,1
32,488300,3987,3,2,1,0,0,0,0,0,0
39,390400,1889,2,0,1,0,0,0,1,0,0
30,462700,3547,0,3,1,0,0,0,0,1,1
36,709400,2923,3,2,1,0,0,0,0,1,1
46,342300,2700,3,0,0,0,0,0,0,0,1
28,667400,3593,2,3,1,0,0,0,0,0,1
50,1688000,1313,3,0,1,0,0,0,0,0,1
40,909400,2158,3,1,0,1,0,1,0,0,0
52,844600,3185,1,1,0,1,0,0,0,0,0
30,1191600,3575,1,0,1,0,0,0,1,0,1
39,453400,3039,0,2,1,0,0,0,0,0,1
31,985200,3897,3,2,0,1,0,0,0,0,1
41,615100,7032,2,1,0,1,0,0,1,0,1
31,230200,1389,3,1,0,1,0,0,0,0,0
44,236200,1262,0,0,1,0,0,0,0,0,0
42,1786100,7478,2,2,1,0,0,0,0,0,1
55,1918700,7330,3,2,1,0,0,0,1,0,1
56,1971700,2627,3,1,0,0,0,0,0,0,1
40,354400,1649,2,2,1,0,0,0,0,0,1
34,850000,3626,3,3,1,0,0,0,0,0,1
40,466100,3420,2,3,1,0,0,0,0,0,1
41,410300,3537,2,0,0,1,0,1,0,0,1
35,424900,3666,2,2,1,0,0,0,0,0,1
51,1402600,12413,2,1,0,0,0,0,0,0,1
38,689300,2814,1,0,0,1,0,0,0,0,1
34,612500,3998,2,0,0,1,0,0,1,0,1
25,366900,1171,3,3,1,0,0,0,1,0,1
58,1000800,3807,2,0,1,0,0,0,1,0,0
40,238700,1782,1,1,1,0,0,0,0,0,1
36,463900,5728,0,0,0,1,0,1,0,0,1
48,789800,3847,3,3,1,0,0,0,0,0,1
27,253400,714,2,3,0,1,0,0,1,0,1
51,1314200,2016,3,1,1,0,0,0,0,1,1
18,161100,104,3,3,1,0,0,0,0,0,1
35,536300,3432,3,3,1,0,0,0,1,0,1
27,507100,2362,3,3,0,1,0,0,0,0,1
55,1369500,7134,0,2,0,1,0,1,0,0,0
56,1340200,7022,3,1,1,0,0,0,0,0,1
34,202900,2201,0,2,1,0,0,0,0,1,1
40,637700,4704,1,2,1,0,0,0,1,0,1
34,542900,3202,1,2,1,0,0,0,1,0,1
31,278500,739,2,3,0,1,0,0,0,0,0
35,461400,1506,3,2,0,1,0,1,0,0,0
38,261000,1805,3,2,1,0,0,0,0,0,1
34,668700,5439,2,3,1,0,0,0,0,1,1
28,472400,2097,2,0,0,1,0,0,0,0,1
31,617900,4021,3,2,1,0,0,0,1,0,0
39,612000,2218,0,3,0,1,0,0,0,0,1
51,1059600,1556,1,1,0,1,0,1,0,0,1
41,546700,2542,3,3,1,0,0,0,0,0,1
37,299600,2512,2,2,1,0,0,0,0,0,1
33,999800,1932,1,3,0,1,0,0,0,0,1
32,407800,1310,2,1,0,1,0,1,0,0,1
39,1092000,2455,2,2,1,0,0,0,0,0,1
25,623200,1473,0,2,0,1,0,0,0,0,1
52,1324700,1974,3,2,1,0,0,0,1,0,1
43,408100,7513,0,2,1,0,0,0,1,0,1
27,576900,2512,3,3,0,1,0,1,0,0,1
27,239400,3043,3,2,1,0,0,0,0,0,0
26,390400,1739,0,3,1,0,0,0,1,0,1
42,1679900,7371,2,0,0,0,1,0,0,0,1
52,295000,2041,2,0,1,0,0,0,0,0,1
37,362900,1423,0,2,1,0,0,0,1,0,1
35,936200,957,2,3,1,0,0,0,0,0,1
25,322900,1292,0,3,1,0,0,0,0,1,1
26,357800,2712,2,0,1,0,0,0,0,0,1
29,798800,3943,1,0,0,0,0,0,0,0,1
49,428400,1539,0,0,1,0,0,0,0,0,0
29,755300,3151,2,3,1,0,0,0,0,0,0
54,1732800,7551,3,3,1,0,0,0,1,0,1
58,1970100,3448,3,0,1,0,0,0,1,0,1
55,1473200,2587,1,3,1,0,0,0,1,0,1
36,927800,2196,0,1,0,1,0,1,0,0,1
31,135900,567,1,2,0,1,0,0,0,0,0
30,477900,1214,3,0,0,1,0,1,0,0,1
31,1642200,1364,0,1,1,0,0,0,0,0,1
34,299600,1768,3,0,1,0,0,0,0,0,1
31,126100,572,0,1,1,0,0,0,0,0,0
27,209900,2167,1,0,1,0,0,0,0,0,1
36,581000,3901,0,3,1,0,0,0,0,0,1
36,564700,1456,2,0,0,1,0,1,0,0,1
47,342000,2304,0,3,1,0,0,0,0,1,1
25,440000,1463,0,0,0,1,0,0,0,0,0
37,350000,2480,2,2,1,0,0,0,0,1,1
56,206600,1403,0,0,1,0,0,0,0,0,1
47,1716900,7345,0,2,1,0,0,0,1,0,1
24,416200,2106,3,2,0,1,0,0,1,0,1
32,920400,1494,3,3,0,1,0,1,0,0,1
34,329400,2218,3,1,1,0,0,0,0,0,1
41,212700,1732,1,2,1,0,0,0,1,0,1
40,397500,3027,2,2,1,0,0,0,0,0,1
31,1079300,4834,0,3,0,1,0,0,0,0,1
46,1009600,2834,0,3,0,1,0,1,0,0,0
39,364600,672,0,0,1,0,0,0,0,0,0
31,744600,3732,2,1,1,0,0,0,0,0,0
45,1085100,2613,1,0,1,0,0,0,1,0,1
31,210900,1183,3,1,0,0,0,0,1,0,1
31,372200,910,1,3,1,0,0,0,0,0,0
45,938000,1419,1,3,1,0,0,0,0,1,1
48,548600,834,2,0,0,1,0,1,0,0,1
34,274200,939,0,2,0,0,0,0,0,1,0
40,1375700,3402,3,1,1,0,0,0,1,0,1
28,846300,2132,3,0,0,1,0,0,1,0,1
44,316200,2089,2,2,1,0,0,0,0,0,1
53,1659800,3374,3,1,1,0,0,0,1,0,1
49,665100,1450,0,2,1,0,0,0,0,1,1
40,234500,1367,2,2,1,0,0,0,1,0,1
44,342000,2062,3,1,1,0,0,0,0,0,1
33,437300,1686,3,0,0,1,0,0,1,0,1
34,475900,4832,3,0,0,1,0,0,0,0,1
30,530100,839,3,2,0,1,0,0,0,0,1
42,367300,4698,0,3,1,0,0,0,1,0,1
44,476800,421,0,2,0,1,0,1,0,0,1
30,127400,677,2,2,1,0,0,0,0,1,1
57,490000,4599,1,2,1,0,0,0,0,0,1
49,1046600,3139,2,1,1,0,0,0,0,0,1
34,1700700,5277,1,0,1,0,0,0,1,0,1
28,290900,1312,0,2,0,1,0,0,0,1,0
29,576500,2090,0,1,0,1,0,0,0,1,0
34,459900,5683,0,1,0,1,0,0,1,0,0
35,240400,440,3,2,0,1,0,0,0,0,1
24,317200,376,1,0,1,0,0,0,1,0,0
24,203300,696,3,1,0,1,0,0,0,0,1
44,1020900,1048,1,2,1,0,0,0,1,0,1
29,862000,3867,2,2,0,1,0,0,0,0,1
30,206400,2093,2,2,0,0,0,0,0,0,1
55,403500,1176,3,2,1,0,0,0,0,0,1
33,383800,2085,0,1,1,0,0,0,1,0,1
47,459100,2110,2,2,0,1,0,0,1,0,1
28,256100,308,2,0,1,0,0,0,1,0,0
28,156300,549,0,2,1,0,0,0,0,0,1
28,489800,1554,2,0,0,1,0,0,0,0,1
49,478900,1319,2,0,1,0,0,0,1,0,1
29,318000,1258,3,1,1,0,0,0,0,0,1
28,654900,3255,2,1,1,0,0,0,0,0,1
33,638800,321,3,2,1,0,0,0,0,0,1
32,1124400,2063,2,3,1,0,0,0,1,0,1
54,1603200,5369,1,3,1,0,0,0,1,0,1
29,236200,3404,0,0,1,0,0,0,0,1,0
44,1632800,7678,3,0,1,0,0,0,0,0,1
39,837600,1044,1,1,1,0,0,0,0,0,1
46,1660600,4968,2,1,0,1,0,0,0,0,1
35,860600,4265,3,1,1,0,0,0,0,0,1
23,227200,1603,0,2,1,0,0,0,0,0,1
40,201800,1926,3,0,1,0,0,0,0,0,0
34,708300,3723,3,2,0,1,0,0,0,1,1
31,408400,2716,3,2,1,0,0,0,0,0,0
50,1441100,11772,2,3,1,0,0,0,1,0,1
34,230800,4128,1,2,0,1,0,0,0,1,1
42,484100,570,2,1,1,0,0,0,1,0,1
37,428500,3808,0,3,1,0,0,0,1,0,1
29,971500,2863,2,0,1,0,0,0,0,0,1
33,432000,2212,3,1,1,0,0,0,0,0,1
45,213200,2201,3,3,1,0,0,0,0,1,1
42,1012400,7426,3,3,1,0,0,0,0,0,1
40,547300,3183,0,0,0,1,0,0,1,0,1
33,520700,5513,1,2,1,0,0,0,0,0,1
40,1643700,7751,2,3,0,0,0,0,1,0,1
24,229600,615,2,0,1,0,0,0,0,1,1
40,406900,935,3,3,1,0,0,0,0,0,1
45,744100,3722,0,1,1,0,0,0,0,1,1
35,243000,1883,1,2,0,1,0,0,0,0,1
32,587800,2871,3,1,1,0,0,0,0,0,1
36,264400,1447,2,3,0,1,0,0,0,0,1
48,643900,3079,2,2,0,1,0,0,0,0,1
29,245100,556,2,2,1,0,0,0,0,0,1
33,639200,969,0,0,0,1,0,0,0,0,1
30,971400,3989,1,0,0,1,0,0,0,0,0
38,607700,2451,2,2,0,0,1,0,0,0,1
35,245000,1438,3,0,1,0,0,0,1,0,1
30,925000,1510,2,1,0,1,0,0,0,1,1
35,207400,479,0,0,1,0,0,0,0,0,0
53,1016900,12207,2,3,1,0,0,0,0,1,0
38,485500,1948,2,1,1,0,0,0,1,0,0
32,408700,2322,3,0,1,0,0,0,0,1,1
48,236700,3275,2,0,1,0,0,0,0,0,1
34,297200,529,0,3,1,0,0,0,1,0,1
55,1958600,13487,2,3,0,1,0,1,0,0,1
34,548400,1091,1,3,1,0,0,0,0,0,1
26,206100,401,0,3,1,0,0,0,0,0,1
38,992400,3640,2,1,0,1,0,0,0,0,1
38,419800,1270,1,1,0,1,0,0,0,0,1
36,681500,633,1,2,0,1,0,0,0,0,1
29,472300,3708,1,0,1,0,0,0,1,0,1
35,614200,2080,0,2,1,0,0,0,1,0,1
39,823700,2748,3,2,0,1,0,0,1,0,1
29,885300,2262,0,3,1,0,0,0,0,0,1
50,1933100,447,2,2,0,1,0,1,0,0,1
23,207300,769,3,2,1,0,0,0,0,1,1
36,556200,1377,0,0,1,0,0,0,0,0,1
42,1961300,542,3,3,1,0,0,0,0,0,1
35,340700,3830,1,2,1,0,0,0,0,0,1
34,506300,3126,3,2,1,0,0,0,0,1,1
40,463900,2163,3,0,0,1,0,0,0,0,1
43,487600,2431,3,1,1,0,0,0,0,1,1
35,269000,705,2,3,1,0,0,0,0,0,1
46,1756700,9861,3,0,0,1,0,0,0,0,1
28,240800,559,2,1,1,0,0,0,1,0,0
22,281400,1671,1,2,1,0,0,0,0,0,1
50,1124500,11210,1,2,1,0,0,0,1,0,1
32,331200,1482,1,3,1,0,0,0,0,0,1
44,1904900,8270,1,3,1,0,0,0,1,0,1
30,214100,2417,1,1,1,0,0,0,1,0,1
45,576900,3942,2,0,1,0,0,0,1,0,1
45,438500,3971,0,0,0,1,0,1,0,0,1
31,533200,1874,3,0,0,1,0,0,0,0,1
36,466300,1149,2,2,1,0,0,0,0,0,1
34,472400,3440,2,3,1,0,0,0,0,0,1
49,321100,3550,2,0,1,0,0,0,0,0,1
39,537700,2602,1,0,1,0,0,0,1,0,1
27,406600,2893,3,0,1,0,0,0,0,0,1
35,520800,6126,1,0,1,0,0,0,0,0,1
28,487700,2200,1,0,1,0,0,0,1,0,1
21,311700,783,2,3,1,0,0,0,1,0,1
18,156900,333,1,3,0,1,0,0,1,0,0
47,1965800,2031,3,2,0,0,0,0,0,0,1
39,306900,3705,2,2,1,0,0,0,1,0,1
40,1043500,6845,0,2,1,0,0,0,0,0,1
35,414800,5486,2,2,1,0,0,0,0,0,1
37,576800,1576,2,2,1,0,0,0,0,0,1
39,504200,3389,0,2,1,0,0,0,1,0,1
45,577000,3994,3,3,1,0,0,0,0,0,1
38,775600,1964,3,2,1,0,0,0,1,0,1
35,1030600,4986,3,0,0,1,0,0,1,0,0
37,393600,3126,1,1,1,0,0,0,1,0,1
40,794500,1532,2,3,1,0,0,0,0,0,1
44,574300,3854,0,3,0,0,1,0,0,0,1
48,1520200,1069,2,3,1,0,0,0,1,0,1
35,544000,1057,0,3,0,1,0,0,1,0,0
24,376000,2573,0,3,1,0,0,0,0,1,1
27,351700,1137,1,2,1,0,0,0,1,0,1
27,258000,1676,3,3,1,0,0,0,1,0,1
40,216600,1730,0,0,1,0,0,0,0,0,0
29,586900,2115,2,2,0,1,0,0,1,0,1
36,800800,1411,1,0,1,0,0,0,0,0,1
25,520600,2927,3,2,1,0,0,0,0,0,1
39,529500,1874,3,1,1,0,0,0,1,0,1
49,1641300,1739,0,1,1,0,0,0,0,0,1
50,1326900,5415,3,0,1,0,0,0,0,0,1
20,278300,1116,2,2,0,1,0,0,1,0,1
34,543300,4186,3,1,1,0,0,0,0,0,1
36,201300,1805,0,1,1,0,0,0,0,0,1
49,1396600,5668,2,2,1,0,0,0,0,0,1
36,437400,1402,3,2,1,0,0,0,1,0,1
36,684200,1866,3,0,1,0,0,0,0,0,1
54,1742600,3846,1,2,1,0,0,0,1,0,1
43,1760300,5145,2,2,1,0,0,0,0,0,1
35,458100,4406,3,3,0,1,0,0,0,0,0
38,473500,5130,3,3,1,0,0,0,0,0,1
29,418700,4009,0,1,0,1,0,0,1,0,1
33,550500,2519,3,3,0,1,0,0,1,0,1
32,547000,3544,3,1,1,0,0,0,1,0,1
31,547600,3688,0,3,0,1,0,0,0,0,1
49,258700,827,3,0,1,0,0,0,1,0,1
38,244000,1805,3,1,1,0,0,0,1,0,1
47,1597200,1429,1,1,0,1,0,0,0,0,1
49,1537900,3083,2,2,1,0,0,0,0,0,1
41,708200,831,3,2,0,1,0,0,0,0,1
20,272800,989,3,0,0,1,0,0,0,0,1
33,536800,2556,2,3,0,1,0,0,0,0,1
36,534700,1374,0,2,1,0,0,0,0,0,1
44,319500,954,2,3,0,0,0,0,0,0,1
23,398900,1924,3,2,1,0,0,0,1,0,0
38,330600,75,3,2,1,0,0,0,1,0,1
53,700500,1656,1,3,1,0,0,0,1,0,1
48,265500,3494,3,2,0,1,0,0,1,0,0
32,139300,452,3,1,1,0,0,0,0,0,0
26,257000,2727,3,3,1,0,0,0,1,0,1
55,353700,1544,0,1,1,0,0,0,0,1,1
34,398600,5735,1,3,1,0,0,0,1,0,1
60,1088300,656,2,3,1,0,0,0,1,0,1
33,202800,5226,1,1,1,0,0,0,1,0,1
37,952500,2385,2,3,0,1,0,0,1,0,1
34,292900,3814,1,3,1,0,0,0,0,0,1
23,227500,1350,2,3,0,1,0,0,0,0,0
44,787900,3271,2,3,1,0,0,0,0,0,1
35,493000,1953,0,3,1,0,0,0,1,0,1
43,784700,3748,3,3,0,1,0,0,1,0,1
24,440100,2179,2,2,1,0,0,0,1,0,1
41,924100,3726,3,2,0,1,0,1,0,0,1
29,297400,1861,3,2,1,0,0,0,1,0,1
36,450200,5125,2,3,0,1,0,0,0,0,1
45,1074800,8725,2,2,1,0,0,0,0,0,1
24,155500,604,3,2,0,0,1,0,0,0,0
47,1293600,8472,2,2,0,1,0,0,0,0,0
26,230500,1297,3,2,1,0,0,0,1,0,1
45,1670400,7800,3,1,1,0,0,0,0,1,1
32,343300,2092,0,2,1,0,0,0,0,0,1
31,347700,2047,1,2,1,0,0,0,0,0,1
41,643000,1211,2,1,0,0,1,0,0,0,1
40,651600,568,1,0,1,0,0,0,0,0,1
24,390700,2487,1,0,1,0,0,0,1,0,1
46,556200,3734,2,1,1,0,0,0,0,0,1
35,688300,2945,3,2,1,0,0,0,0,0,1
30,286200,3891,1,3,1,0,0,0,0,0,1
47,497800,572,2,1,0,1,0,1,0,0,1
46,1036800,3913,2,3,0,1,0,0,0,0,1
36,613400,933,1,0,0,1,0,1,0,0,0
32,673500,192,0,1,0,1,0,0,0,0,0
23,329500,1472,2,1,1,0,0,0,1,0,1
31,523800,1930,3,3,1,0,0,0,0,1,1
39,647200,3411,3,3,1,0,0,0,0,0,1
32,961000,1695,3,2,0,1,0,0,0,0,1
40,1983300,7815,1,1,0,1,0,0,1,0,1
45,975600,2035,2,2,0,0,0,0,0,0,1
30,496800,3466,3,0,1,0,0,0,0,1,1
24,214500,841,0,3,0,0,0,0,1,0,1
30,218000,1617,2,3,0,0,1,0,0,0,0
31,834600,2027,0,2,0,1,0,0,0,1,1
27,344500,2354,2,3,1,0,0,0,1,0,1
29,276000,1052,1,1,0,1,0,1,0,0,0
29,629400,1482,3,2,1,0,0,0,0,0,1
30,714000,2895,2,0,0,1,0,1,0,0,1
34,293200,1933,3,3,1,0,0,0,1,0,1
33,514700,4068,3,1,0,1,0,1,0,0,1
49,450700,1886,3,3,0,1,0,1,0,0,1
33,856400,274,0,0,0,1,0,0,0,0,0
38,246800,2400,2,1,1,0,0,0,1,0,1
31,816100,725,0,2,0,1,0,1,0,0,0
29,210900,399,3,0,1,0,0,0,0,1,1
30,529400,2917,2,2,1,0,0,0,0,0,1
32,271800,2817,1,1,1,0,0,0,0,1,1
38,581100,458,1,3,1,0,0,0,1,0,1
43,243700,748,2,2,1,0,0,0,0,1,0
42,276600,1941,1,1,1,0,0,0,1,0,1
55,1903800,460,2,0,1,0,0,0,1,0,1
33,305500,3660,3,1,1,0,0,0,0,1,1
41,228900,2094,2,0,1,0,0,0,0,0,1
34,400100,5693,3,2,0,1,0,0,0,0,1
53,1296500,1225,0,2,1,0,0,0,1,0,1
43,353900,3370,1,3,0,0,0,0,0,0,1
34,602900,836,3,3,0,1,0,0,0,0,1
21,267900,510,1,1,0,1,0,1,0,0,0
38,370200,2004,3,2,1,0,0,0,0,0,1
22,239800,556,2,0,1,0,0,0,1,0,0
31,546800,4453,0,3,0,1,0,1,0,0,1
51,1311600,1072,0,2,1,0,0,0,0,1,1
37,418900,2198,1,1,0,1,0,1,0,0,1
46,1932800,791,2,3,1,0,0,0,1,0,1
36,832100,4734,3,0,1,0,0,0,0,0,1
44,234200,1933,2,1,1,0,0,0,1,0,0
37,407100,4042,2,1,0,0,0,0,0,0,1
35,581300,3967,2,3,0,1,0,0,0,0,0
33,314300,3907,3,0,1,0,0,0,0,0,1
28,204400,2186,2,3,1,0,0,0,0,0,1
39,1346400,1813,2,2,1,0,0,0,1,0,1
46,799100,900,1,1,0,1,0,0,0,0,1
40,337700,1677,2,0,1,0,0,0,0,0,1
42,553800,108,1,0,1,0,0,0,1,0,1
35,576200,2928,1,3,1,0,0,0,1,0,1
38,259200,4249,0,1,0,0,1,0,0,0,1
34,534600,2748,3,0,1,0,0,0,0,0,0
37,421300,4019,3,0,1,0,0,0,1,0,0
39,412700,855,2,3,0,1,0,0,0,0,1
43,243800,1131,0,2,1,0,0,0,0,0,1
41,687000,1152,1,1,1,0,0,0,0,0,1
41,1044700,8092,2,2,0,1,0,1,0,0,1
30,966700,2747,0,2,1,0,0,0,1,0,1
26,214800,2196,3,1,0,0,0,0,1,0,0
46,892600,3404,3,1,1,0,0,0,1,0,0
40,651300,1941,2,3,1,0,0,0,0,0,1
34,679900,3947,1,2,0,1,0,0,0,1,1
58,1629100,5935,1,1,0,1,0,0,1,0,1
35,270500,2115,1,2,1,0,0,0,1,0,1
47,1033300,8333,2,1,1,0,0,0,0,0,1
40,444800,2926,1,0,1,0,0,0,0,0,1
54,685400,2716,3,3,1,0,0,0,1,0,1
31,963700,1143,0,0,0,1,0,1,0,0,1
28,359100,1416,2,0,1,0,0,0,1,0,1
38,540500,1835,1,3,0,1,0,1,0,0,1
26,468400,1926,2,3,0,1,0,0,1,0,1
58,1578700,863,0,2,1,0,0,0,0,0,1
18,151400,53,1,2,1,0,0,0,1,0,1
31,295600,678,3,0,0,0,1,0,0,0,0
29,233500,823,0,0,0,0,1,0,0,0,0
45,515400,3115,2,2,0,1,0,0,0,0,1
36,696200,694,3,1,1,0,0,0,0,0,1
43,567500,2816,0,3,0,1,0,0,0,0,1
27,237900,2123,3,3,1,0,0,0,0,0,1
29,381200,4277,3,3,1,0,0,0,1,0,1
32,464800,96,3,3,0,1,0,1,0,0,1
42,293600,2509,2,2,1,0,0,0,0,1,1
47,210500,817,1,2,1,0,0,0,0,0,1
46,857800,3449,3,3,1,0,0,0,0,0,1
28,270600,1232,2,3,0,0,0,0,0,0,1
29,638400,2740,3,2,1,0,0,0,0,0,1
42,396800,134,3,2,1,0,0,0,0,0,1
32,990700,949,2,1,0,1,0,1,0,0,0
46,1322500,7003,0,0,0,1,0,0,0,1,1
27,354000,3471,1,2,0,1,0,0,1,0,1
29,280400,556,3,1,0,0,0,0,1,0,1
43,1939200,6120,0,2,1,0,0,0,1,0,1
48,1966500,8396,3,1,1,0,0,0,0,0,1
29,243900,480,3,3,1,0,0,0,0,0,0
46,731400,3182,2,1,0,1,0,0,0,0,0
27,477400,2758,3,0,1,0,0,0,0,0,1
39,390200,775,3,3,1,0,0,0,0,0,1
55,266200,2097,1,3,1,0,0,0,0,1,1
28,285600,475,1,1,0,1,0,0,1,0,1
30,108100,444,1,3,0,1,0,0,1,0,0
22,247200,544,3,1,1,0,0,0,0,0,0
36,567300,3748,1,2,0,1,0,0,0,1,1
31,419700,4043,1,2,1,0,0,0,0,0,1
34,971300,1947,2,3,0,1,0,0,0,0,1
29,206200,1379,3,0,1,0,0,0,0,0,1
37,428400,2026,3,0,1,0,0,0,1,0,1
35,478800,1197,3,1,1,0,0,0,0,0,1
45,590600,3466,1,3,1,0,0,0,0,0,1
36,388600,4029,1,3,0,0,1,0,0,0,1
40,1682300,6986,0,0,1,0,0,0,0,0,1
26,293300,701,1,2,1,0,0,0,0,0,1
27,650000,3106,0,2,0,1,0,0,1,0,1
48,1717400,8286,3,3,1,0,0,0,1,0,1
44,503300,898,1,0,1,0,0,0,0,0,1
34,230700,2194,3,0,1,0,0,0,0,1,0
56,258700,1576,0,3,1,0,0,0,0,0,0
36,550700,1523,2,1,0,1,0,1,0,0,1
41,439300,1892,2,1,0,1,0,1,0,0,1
42,1334800,4842,2,0,1,0,0,0,1,0,1
31,658300,2158,2,3,0,1,0,0,1,0,1
34,810300,1800,3,3,0,1,0,0,1,0,1
31,397800,1030,0,2,1,0,0,0,1,0,1
26,254400,2816,2,3,1,0,0,0,0,0,1
45,539900,1574,1,2,1,0,0,0,1,0,1
33,548700,3995,1,2,0,1,0,1,0,0,1
28,683400,2894,2,3,0,1,0,0,0,0,1
29,109100,726,2,0,0,1,0,0,0,1,0
39,573600,1343,0,2,0,1,0,0,0,0,1
27,222600,2048,1,1,1,0,0,0,0,1,1
34,574700,5624,2,3,1,0,0,0,0,0,1
28,985400,1043,3,2,0,1,0,1,0,0,0
47,546700,3270,2,1,1,0,0,0,0,1,1
56,538000,92,3,0,0,1,0,1,0,0,1
39,515100,3970,0,0,1,0,0,0,1,0,1
38,213300,7489,3,1,1,0,0,0,1,0,1
58,1787500,585,3,3,0,1,0,0,0,0,1
32,243200,1720,0,2,1,0,0,0,0,0,0
38,477100,2109,1,3,1,0,0,0,0,0,1
49,1916100,2171,1,3,1,0,0,0,0,0,1
42,508700,200,1,3,0,1,0,1,0,0,1
27,286300,409,0,1,0,0,1,0,0,0,0
35,556100,2116,1,0,0,1,0,0,1,0,1
28,214400,2029,2,2,1,0,0,0,1,0,1
31,306500,1758,2,0,1,0,0,0,1,0,1
36,281000,2026,0,1,1,0,0,0,0,0,1
34,988800,5359,0,3,0,1,0,1,0,0,1
34,862800,3089,3,2,0,1,0,0,1,0,1
26,286700,2625,2,0,1,0,0,0,1,0,1
29,537300,1966,0,0,1,0,0,0,0,0,1
32,666700,2143,2,3,1,0,0,0,1,0,1
31,500300,3897,3,0,1,0,0,0,0,0,1
28,236700,1586,2,3,1,0,0,0,0,1,0
38,285800,570,0,0,0,1,0,0,0,0,1
35,520400,3824,2,3,0,1,0,0,0,0,1
27,410500,2928,3,3,0,1,0,1,0,0,1
32,967900,449,3,3,1,0,0,0,0,0,1
31,561700,3702,0,3,0,1,0,1,0,0,0
53,1044800,1098,0,0,0,1,0,0,0,0,0
54,289700,1517,0,2,1,0,0,0,0,0,1
33,596800,3411,3,2,1,0,0,0,0,0,1
43,751000,3900,0,2,1,0,0,0,0,0,1
38,299100,2308,3,1,0,0,0,0,0,0,1
55,1963600,3879,2,1,0,0,1,0,0,0,1
31,112900,442,3,3,1,0,0,0,1,0,1
39,1334100,7551,1,0,0,1,0,1,0,0,1
42,433200,7416,3,2,1,0,0,0,0,0,1
31,1103100,4204,2,2,1,0,0,0,1,0,1
54,444000,1892,2,0,1,0,0,0,1,0,1
24,461700,1773,1,2,1,0,0,0,0,0,1
23,264700,2203,3,3,1,0,0,0,0,0,1
40,632300,3942,3,2,1,0,0,0,0,1,1
40,567700,4396,1,1,0,1,0,1,0,0,1
25,218700,966,2,1,0,0,1,0,0,0,1
30,374800,4672,3,1,1,0,0,0,1,0,1
25,397700,975,3,2,1,0,0,0,0,0,1
47,863300,6486,0,2,1,0,0,0,1,0,1
33,200800,532,1,2,1,0,0,0,1,0,1
38,444000,5669,3,1,0,1,0,0,0,0,1
31,306700,893,0,2,0,1,0,0,0,0,1
38,532100,3156,0,2,1,0,0,0,0,0,1
42,541000,1547,3,0,1,0,0,0,0,0,1
41,278200,1856,3,3,1,0,0,0,0,0,1
47,1195700,4790,2,1,1,0,0,0,1,0,1
35,266000,1037,3,2,1,0,0,0,1,0,1
22,337500,1318,3,2,1,0,0,0,0,0,1
35,509800,3890,1,2,1,0,0,0,1,0,1
33,487800,3595,1,3,1,0,0,0,1,0,1
32,283700,2317,2,1,1,0,0,0,0,0,1
40,240600,586,0,3,1,0,0,0,0,0,1
32,226900,792,1,1,0,1,0,0,1,0,1
39,410800,2700,0,3,1,0,0,0,0,0,1
38,1320600,6619,1,2,1,0,0,0,1,0,1
32,1042200,5333,2,3,0,1,0,1,0,0,1
37,1374400,6051,2,3,1,0,0,0,0,0,1
25,490700,2034,0,2,0,1,0,0,0,0,1
52,348200,3552,0,3,0,1,0,0,0,0,1
44,243600,1811,1,3,1,0,0,0,1,0,1
21,238000,842,2,0,0,1,0,0,1,0,1
39,1943100,2574,3,3,1,0,0,0,0,0,1
23,179000,629,3,0,0,1,0,1,0,0,0
36,764400,3584,0,3,0,1,0,0,1,0,1
36,513100,1645,3,1,1,0,0,0,0,0,1
56,630600,5061,2,2,1,0,0,0,0,0,1
29,478700,1055,0,3,1,0,0,0,1,0,0
42,1888000,8409,0,2,1,0,0,0,0,0,1
56,233900,3928,3,2,1,0,0,0,0,1,0
41,1357000,7505,0,1,1,0,0,0,0,0,1
34,671200,3039,3,2,0,1,0,1,0,0,1
36,540600,5768,3,3,0,1,0,1,0,0,1
41,893800,2214,2,1,0,1,0,0,0,0,1
32,243900,1560,3,0,1,0,0,0,0,1,1
35,883700,3629,2,3,0,0,0,0,0,0,1
38,534300,3905,0,3,0,1,0,0,0,0,1
50,672800,2331,1,2,0,1,0,0,0,0,0
36,665200,2491,1,3,0,1,0,1,0,0,1
45,485000,1928,3,2,0,1,0,0,0,0,1
40,280900,1117,2,2,1,0,0,0,0,0,1
35,568900,3823,2,2,1,0,0,0,0,0,1
40,200100,1889,2,2,1,0,0,0,1,0,1
35,297700,1695,2,3,1,0,0,0,0,0,1
29,402500,1782,3,1,1,0,0,0,0,0,1
29,378500,1952,3,0,1,0,0,0,1,0,1
50,1085400,1263,3,0,0,1,0,1,0,0,0
39,1203100,7696,1,3,0,1,0,1,0,0,1
31,993600,3627,1,0,1,0,0,0,1,0,1
26,296600,1525,3,2,0,1,0,0,0,0,1
36,257100,2043,2,3,1,0,0,0,1,0,1
39,999100,2713,3,0,1,0,0,0,1,0,1
27,614200,2469,1,1,1,0,0,0,0,0,1
49,539000,3546,3,1,0,1,0,0,1,0,1
34,440400,1744,1,2,1,0,0,0,1,0,1
