ID,Age,DistanceFromHome,MonthlyIncome,NumCompaniesWorked,StartDate,Attrition_c,Education_c,EnvironmentSatisfaction_c,JobSatisfaction_c,MaritalStatus_c,WorkLifeBalance_c,department__Human Resources,department__Research & Development,department__Sales,educationfield__Human Resources,educationfield__Life Sciences,educationfield__Marketing,educationfield__Medical,educationfield__Other,educationfield__Technical Degree
1,41,1,599300,8,2257,0,1,1,3,1,0,0,0,1,0,1,0,0,0,0
2,49,8,513000,1,3762,1,0,2,1,2,2,0,1,0,0,1,0,0,0,0
3,37,2,209000,6,161,0,1,3,2,1,2,0,1,0,0,0,0,0,1,0
4,33,3,290900,1,3057,1,3,3,2,2,2,0,1,0,0,1,0,0,0,0
5,27,2,346800,9,1009,1,0,0,1,2,2,0,1,0,0,0,0,1,0,0
6,32,2,306800,0,2835,1,1,3,3,1,1,0,1,0,0,1,0,0,0,0
7,59,3,267000,4,406,1,2,2,0,2,1,0,1,0,0,0,0,1,0,0
8,30,2,269300,1,708,1,0,3,2,0,2,0,1,0,0,1,0,0,0,0
9,38,2,952600,0,3319,1,2,3,2,1,2,0,1,0,0,1,0,0,0,0
10,36,2,523700,6,2874,1,2,2,2,2,1,0,1,0,0,0,0,1,0,0
11,35,1,242600,0,2055,1,2,0,1,2,2,0,1,0,0,0,0,1,0,0
12,29,1,419300,0,3475,1,1,3,2,1,2,0,1,0,0,1,0,0,0,0
13,31,2,291100,1,2131,1,0,0,2,0,1,0,1,0,0,1,0,0,0,0
14,34,1,266100,0,795,1,1,1,3,0,2,0,1,0,0,0,0,1,0,0
15,28,2,202800,5,1835,0,2,2,2,1,2,0,1,0,0,1,0,0,0,0
16,29,2,998000,1,3720,1,3,1,0,0,2,0,1,0,0,1,0,0,0,0
17,32,5,329800,0,2330,1,1,0,1,0,1,0,1,0,0,1,0,0,0,0
18,22,1,293500,1,530,1,1,3,3,0,1,0,1,0,0,0,0,1,0,0
19,53,2,1542700,2,9447,1,3,0,3,2,2,0,0,1,0,1,0,0,0,0
20,38,2,394400,5,1208,1,2,3,3,1,2,0,1,0,0,1,0,0,0,0
21,24,1,401100,0,1525,1,1,0,2,0,1,0,1,0,0,0,0,0,1,0
22,36,9,340700,7,2107,0,3,2,0,1,2,0,0,1,0,1,0,0,0,0
23,34,7,1199400,0,4769,1,3,0,1,1,2,0,1,0,0,1,0,0,0,0
24,21,1,123200,1,301,1,1,2,3,1,2,0,1,0,0,1,0,0,0,0
25,34,6,296000,2,1536,0,0,1,0,1,2,0,1,0,0,0,0,1,0,0
26,53,5,1909400,4,5189,1,2,2,2,0,1,0,1,0,0,0,0,0,1,0
27,32,1,391900,1,3837,0,0,1,0,1,2,0,1,0,0,1,0,0,0,0
28,42,8,682500,0,3522,1,3,2,1,2,2,0,0,1,0,0,1,0,0,0
29,44,7,1024800,3,8108,1,3,0,3,2,2,0,1,0,0,0,0,1,0,0
30,46,2,1894700,3,1102,1,3,1,0,1,1,0,0,1,0,0,1,0,0,0
31,33,2,249600,4,688,1,2,2,3,1,2,0,1,0,0,0,0,1,0,0
32,44,1,646500,2,1690,1,3,3,3,2,3,0,1,0,0,0,0,0,1,0
33,30,9,220600,1,3924,1,1,3,2,1,2,0,1,0,0,0,0,1,0,0
34,39,5,208600,3,499,0,2,3,3,2,3,0,0,1,0,0,0,0,0,1
35,24,1,229300,2,772,0,2,1,3,2,1,0,1,0,0,0,0,1,0,0
36,43,2,264500,1,2122,1,1,3,2,0,1,0,1,0,0,0,0,1,0,0
37,50,3,268300,1,1466,0,1,0,2,2,2,0,0,1,0,0,1,0,0,0
38,35,2,201400,1,809,1,2,3,3,2,2,0,0,1,0,0,1,0,0,0
39,36,5,341900,9,441,1,3,1,0,2,3,0,1,0,0,1,0,0,0,0
40,33,1,537600,2,1951,1,2,2,0,2,2,0,0,1,0,1,0,0,0,0
41,35,4,195100,1,530,1,1,2,3,0,2,0,1,0,0,0,0,0,1,0
42,27,2,234100,1,409,1,3,3,0,0,2,0,1,0,0,1,0,0,0,0
43,26,2,229300,1,594,0,2,0,2,1,1,0,1,0,0,1,0,0,0,0
44,27,8,872600,1,3534,1,2,3,2,1,2,0,0,1,0,1,0,0,0,0
45,30,1,401100,1,4451,1,1,2,3,1,2,0,1,0,0,0,0,1,0,0
46,41,1,1954500,1,8236,0,2,1,2,2,2,0,1,0,0,0,0,0,0,1
47,34,2,456800,0,3338,1,3,1,2,1,2,0,0,1,0,0,1,0,0,0
48,37,1,302200,4,464,1,1,1,1,2,2,0,1,0,0,1,0,0,0,0
49,46,5,577200,4,3579,1,3,0,3,1,2,0,0,1,0,0,1,0,0,0
50,35,8,226900,1,699,1,0,3,3,2,2,0,1,0,0,1,0,0,0,0
51,48,1,538100,9,621,0,1,0,2,1,2,0,1,0,0,1,0,0,0,0
52,28,5,344100,1,939,0,3,2,2,1,1,0,1,0,0,0,0,0,0,1
53,44,1,545400,5,1561,1,4,1,0,0,1,0,0,1,0,0,1,0,0,0
54,35,1,988400,2,1774,1,1,2,0,2,2,0,1,0,0,0,0,1,0,0
55,26,2,415700,7,858,1,2,2,3,2,1,0,0,1,0,0,1,0,0,0
56,33,1,1345800,1,5621,1,1,0,3,1,2,0,1,0,0,1,0,0,0,0
57,35,1,906900,1,3575,1,4,1,0,2,1,0,0,1,0,1,0,0,0,0
58,35,2,401400,3,919,1,3,2,0,2,2,0,1,0,0,0,0,1,0,0
59,31,7,591500,3,2679,1,3,3,3,0,1,0,1,0,0,1,0,0,0,0
60,37,1,599300,1,2833,1,3,0,2,0,3,0,1,0,0,1,0,0,0,0
61,32,1,616200,1,3647,1,2,0,3,2,2,0,1,0,0,0,0,1,0,0
62,38,2,240600,1,3872,1,4,3,3,1,2,0,1,0,0,1,0,0,0,0
63,50,7,1874000,5,10093,1,1,1,2,0,1,0,1,0,0,0,0,1,0,0
64,59,2,763700,7,7792,1,2,0,0,1,1,0,0,1,0,1,0,0,0,0
65,36,8,1009600,1,6526,1,2,2,2,0,2,0,1,0,0,0,0,0,0,1
66,55,8,1475600,2,2070,1,2,3,2,0,2,0,1,0,0,0,0,1,0,0
67,36,1,649900,1,2263,1,2,1,1,1,2,0,1,0,0,1,0,0,0,0
68,45,7,972400,2,495,1,2,1,0,0,2,0,1,0,0,1,0,0,0,0
69,35,1,219400,4,1132,1,2,1,0,2,1,0,1,0,0,0,0,1,0,0
70,36,9,338800,0,603,0,2,3,2,2,1,0,1,0,0,0,0,1,0,0
71,59,1,547300,7,1545,1,0,0,2,1,1,0,0,1,0,1,0,0,0,0
72,29,2,270300,0,1872,1,2,2,1,2,2,0,1,0,0,1,0,0,0,0
73,31,1,250100,1,468,1,3,2,1,1,2,0,1,0,0,0,0,1,0,0
74,32,1,622000,1,3936,1,2,1,1,2,2,0,1,0,0,1,0,0,0,0
75,36,6,303800,3,657,1,2,1,3,2,2,0,1,0,0,1,0,0,0,0
76,31,8,442400,1,4334,1,3,2,3,1,2,0,1,0,0,1,0,0,0,0
77,35,1,431200,0,5520,1,3,2,0,1,2,0,0,1,0,0,1,0,0,0
78,45,6,1324500,4,63,1,3,3,0,2,3,0,1,0,0,0,0,0,1,0
79,37,7,1366400,4,2155,1,3,0,2,1,3,0,1,0,0,0,0,1,0,0
80,46,5,502100,8,1717,1,1,1,1,0,2,1,0,0,0,0,0,1,0,0
81,30,1,512600,1,3861,1,0,3,3,2,1,0,1,0,0,1,0,0,0,0
82,35,1,285900,1,2293,1,2,1,2,1,2,0,1,0,0,0,0,1,0,0
83,55,1,1023900,3,518,1,1,0,3,2,2,0,0,1,0,1,0,0,0,0
84,38,6,532900,7,4843,1,2,1,3,0,2,0,1,0,0,0,0,1,0,0
85,34,1,432500,1,1909,1,1,0,1,2,2,0,1,0,0,0,0,1,0,0
86,56,7,726000,4,2532,1,2,3,3,1,1,0,1,0,0,1,0,0,0,0
87,23,2,232200,3,314,1,0,2,0,0,2,0,0,1,0,0,0,0,0,1
88,51,9,207500,3,1796,1,3,3,3,2,2,0,1,0,0,1,0,0,0,0
89,30,2,415200,1,4366,1,2,2,3,2,2,0,1,0,0,1,0,0,0,0
90,46,9,961900,1,3378,0,1,2,3,1,2,0,0,1,0,0,0,1,0,0
91,40,1,1350300,1,8269,1,3,2,1,2,1,0,1,0,0,1,0,0,0,0
92,51,2,544100,0,3968,1,3,2,3,1,0,0,0,1,0,0,1,0,0,0
93,30,4,520900,1,4201,1,1,2,1,0,1,0,0,1,0,0,0,1,0,0
94,46,1,1067300,2,3964,1,2,2,0,2,1,0,1,0,0,0,0,1,0,0
95,32,6,501000,1,4286,1,3,1,2,1,2,0,0,1,0,0,0,1,0,0
96,54,2,1354900,9,1626,1,3,0,2,2,0,0,1,0,0,0,0,0,0,1
97,24,3,499900,0,1233,1,1,0,2,2,1,0,0,1,0,0,0,0,1,0
98,28,4,422100,1,1973,1,2,1,2,2,3,0,0,1,0,0,0,1,0,0
99,58,1,1387200,0,13546,1,3,3,2,1,1,0,0,1,0,0,0,1,0,0
100,44,2,204200,4,1468,1,2,1,1,2,3,0,1,0,0,0,0,1,0,0
101,37,6,207300,4,1170,0,3,2,0,0,2,1,0,0,1,0,0,0,0,0
102,32,1,295600,1,593,1,0,3,0,1,2,0,1,0,0,1,0,0,0,0
103,20,6,292600,1,404,0,2,3,3,1,2,0,1,0,0,1,0,0,0,0
104,34,6,480900,1,6196,1,3,0,2,1,2,0,1,0,0,0,0,0,1,0
105,37,2,516300,5,670,1,1,2,3,0,3,0,1,0,0,1,0,0,0,0
106,59,2,1884400,9,1156,1,3,2,3,2,2,1,0,0,1,0,0,0,0,0
107,50,1,1817200,3,3202,1,2,0,1,2,1,0,1,0,0,1,0,0,0,0
108,25,5,574400,1,2512,0,2,2,2,1,2,0,0,1,0,0,1,0,0,0
109,25,7,288900,1,1099,1,0,3,3,2,2,0,1,0,0,0,0,1,0,0
110,22,1,287100,1,77,1,2,1,3,1,2,0,1,0,0,0,0,1,0,0
111,51,1,748400,3,4983,1,3,0,0,1,1,0,1,0,0,0,0,1,0,0
112,34,7,607400,1,3625,0,2,0,2,1,2,0,1,0,0,1,0,0,0,0
113,54,2,1732800,2,2131,1,2,3,3,1,2,1,0,0,1,0,0,0,0,0
114,24,1,277400,0,2032,1,0,1,2,2,2,0,1,0,0,1,0,0,0,0
115,34,6,450500,6,489,1,3,2,1,0,2,0,1,0,0,1,0,0,0,0
116,37,3,742800,2,1918,1,2,2,3,1,2,0,0,1,0,1,0,0,0,0
117,34,5,1163100,2,4090,1,2,2,0,1,2,0,1,0,0,0,0,1,0,0
118,36,1,973800,0,3568,1,1,1,3,2,2,0,0,1,0,0,0,0,0,1
119,36,3,283500,5,431,1,1,0,3,0,2,0,1,0,0,1,0,0,0,0
120,43,2,1695900,1,9408,1,1,2,3,2,3,0,0,1,0,1,0,0,0,0
121,30,2,261300,1,3699,1,2,0,2,0,1,0,1,0,0,1,0,0,0,0
122,33,2,614600,0,2912,1,1,2,1,2,3,0,0,1,0,0,1,0,0,0
123,56,1,496300,9,1878,0,3,1,1,2,2,0,1,0,0,1,0,0,0,0
124,51,6,1953700,7,7537,1,2,0,2,1,2,0,1,0,0,1,0,0,0,0
125,31,6,617200,4,2852,0,3,1,2,2,1,0,0,1,0,1,0,0,0,0
126,26,6,236800,1,1886,1,2,2,1,2,1,0,1,0,0,0,0,0,1,0
127,58,2,1031200,1,14858,0,3,3,3,2,1,0,1,0,0,0,0,1,0,0
128,19,2,167500,1,77,0,0,3,2,1,1,0,0,1,0,0,1,0,0,0
129,22,2,252300,0,796,1,0,2,3,2,2,0,1,0,0,0,0,0,0,1
130,49,2,656700,1,5571,1,3,2,0,2,1,0,1,0,0,0,0,1,0,0
131,43,2,473900,4,1295,1,2,1,2,1,2,0,1,0,0,0,0,1,0,0
132,50,1,920800,4,855,1,2,2,3,1,2,0,0,1,0,0,1,0,0,0
133,31,2,455900,3,1079,0,2,1,2,2,2,0,0,1,0,1,0,0,0,0
134,41,9,818900,3,3364,1,0,2,2,0,2,0,0,1,0,1,0,0,0,0
135,26,2,294200,1,3003,1,0,2,2,2,2,1,0,0,0,1,0,0,0,0
136,36,6,494100,6,1433,1,1,1,1,0,2,0,1,0,0,0,0,1,0,0
137,51,8,1065000,2,1669,0,3,0,3,1,2,0,1,0,0,1,0,0,0,0
138,39,4,590200,4,5570,1,3,3,2,2,3,0,0,1,0,1,0,0,0,0
139,25,2,863900,2,1026,1,2,0,2,2,2,0,0,1,0,1,0,0,0,0
140,30,9,634700,0,4125,1,2,2,3,2,0,1,0,0,1,0,0,0,0,0
141,32,9,420000,7,1872,0,2,0,0,1,3,0,1,0,0,0,0,1,0,0
142,45,2,345200,5,2566,1,2,2,3,1,1,0,1,0,0,0,0,1,0,0
143,38,3,431700,3,1353,1,4,3,2,1,2,0,1,0,0,0,0,0,0,1
144,30,1,263200,1,1988,1,2,0,2,1,1,0,1,0,0,1,0,0,0,0
145,32,9,466800,0,3044,1,1,3,3,0,3,0,0,1,0,0,0,1,0,0
146,30,5,320400,5,1351,1,2,3,0,0,2,0,1,0,0,0,0,0,0,1
147,30,2,272000,0,2152,1,0,1,3,1,2,0,1,0,0,0,0,1,0,0
148,41,1,1718100,4,2935,1,2,3,0,0,1,0,1,0,0,1,0,0,0,0
149,41,9,223800,2,2064,1,3,2,0,2,2,0,1,0,0,1,0,0,0,0
150,19,3,148300,1,644,1,0,1,1,1,2,0,1,0,0,0,0,1,0,0
151,40,2,560500,1,7448,1,2,1,1,0,2,0,1,0,0,0,0,1,0,0
152,35,1,729500,1,3747,1,4,2,1,2,2,0,0,1,0,0,1,0,0,0
153,53,6,230600,2,2878,1,1,1,2,2,0,0,0,1,0,0,1,0,0,0
154,45,9,234800,8,6508,1,2,1,1,0,0,0,1,0,0,1,0,0,0,0
155,32,8,899800,1,3534,1,2,1,3,1,2,0,0,1,0,0,1,0,0,0
156,29,1,431900,1,3951,1,0,3,2,2,2,0,1,0,0,0,0,0,0,1
157,51,7,613200,2,593,1,3,1,2,2,2,0,1,0,0,0,0,1,0,0
158,58,9,334600,4,566,1,2,1,1,2,1,0,1,0,0,0,0,1,0,0
159,40,4,1085500,7,4741,1,3,2,3,2,1,0,0,1,0,0,1,0,0,0
160,34,2,223100,6,1664,1,3,2,2,2,2,0,0,1,0,0,1,0,0,0
161,22,1,232300,1,908,1,0,2,3,2,2,0,1,0,0,0,0,1,0,0
162,27,9,202400,6,868,1,2,3,1,0,0,0,1,0,0,0,0,1,0,0
163,28,2,271300,1,2135,1,2,2,3,2,0,0,1,0,0,0,0,1,0,0
164,57,2,943900,3,2150,1,1,2,3,0,0,0,1,0,0,1,0,0,0,0
165,27,3,256600,1,612,1,2,2,2,0,1,0,1,0,0,0,0,1,0,0
166,50,1,1992600,3,2000,1,2,2,1,1,2,0,1,0,0,1,0,0,0,0
167,41,1,245100,4,3463,1,2,0,2,0,2,0,1,0,0,1,0,0,0,0
168,30,5,941900,2,3943,1,2,1,3,2,2,0,0,1,0,1,0,0,0,0
169,38,1,868600,4,3227,1,3,0,3,1,3,0,0,1,0,1,0,0,0,0
170,32,6,303800,3,2174,1,4,2,2,1,2,0,1,0,0,1,0,0,0,0
171,27,1,305800,0,2071,1,2,2,1,2,1,0,1,0,0,0,0,0,0,1
172,19,1,232500,0,366,0,0,2,0,1,3,0,0,1,0,0,0,0,0,1
173,36,3,208800,4,3259,1,1,3,1,1,1,0,1,0,0,0,0,1,0,0
174,30,9,307200,1,4429,1,2,2,0,0,2,0,1,0,0,0,0,1,0,0
175,45,4,500600,4,2148,1,1,2,0,0,3,0,0,1,0,1,0,0,0,0
176,56,8,425700,4,847,1,2,2,0,0,2,0,1,0,0,1,0,0,0,0
177,33,2,250000,0,1231,1,2,2,3,1,3,0,1,0,0,1,0,0,0,0
178,19,2,110200,1,757,0,2,1,3,1,1,0,1,0,0,1,0,0,0,0
179,46,1,1045300,1,8846,1,1,1,0,0,2,0,0,1,0,0,1,0,0,0
180,38,9,228800,1,1041,1,1,2,3,1,2,0,1,0,0,1,0,0,0,0
181,31,1,392900,8,1630,1,0,2,3,2,2,0,1,0,0,0,0,1,0,0
182,34,2,231100,2,1455,1,1,3,1,1,2,0,1,0,0,0,0,1,0,0
183,41,2,314000,1,1521,0,1,1,1,1,1,0,0,1,0,0,1,0,0,0
184,50,1,369000,2,1449,1,2,2,2,2,1,0,1,0,0,0,0,1,0,0
185,53,1,445000,1,1778,1,1,3,0,0,2,0,1,0,0,0,0,1,0,0
186,33,1,275600,1,3244,1,2,3,1,2,2,0,1,0,0,0,0,1,0,0
187,40,4,1903300,1,7442,1,0,3,2,2,2,0,1,0,0,0,0,1,0,0
188,55,1,1872200,8,8865,1,3,2,1,1,2,0,1,0,0,0,0,1,0,0
189,34,2,954700,1,3973,1,0,3,2,2,1,0,1,0,0,1,0,0,0,0
190,51,3,1373400,3,2640,1,2,3,1,1,2,0,1,0,0,0,0,1,0,0
191,52,1,1999900,0,12290,1,3,2,2,2,2,0,1,0,0,1,0,0,0,0
192,27,9,227900,1,2732,1,2,3,1,1,1,0,1,0,0,0,0,1,0,0
193,35,2,591600,3,600,0,1,1,2,2,2,0,1,0,0,1,0,0,0,0
194,43,7,208900,4,2112,1,2,3,3,0,3,0,1,0,0,0,0,1,0,0
195,45,2,1679200,9,7567,1,1,0,3,2,2,0,1,0,0,0,0,1,0,0
196,37,2,356400,1,3056,1,2,1,0,2,1,0,1,0,0,1,0,0,0,0
197,35,2,442500,5,2419,1,2,1,1,1,2,0,1,0,0,0,0,1,0,0
198,42,2,526500,2,1973,1,1,2,2,0,2,0,1,0,0,0,0,1,0,0
199,38,2,655300,9,700,1,3,3,2,2,2,0,1,0,0,1,0,0,0,0
200,38,2,626100,3,2898,1,2,3,3,2,0,0,1,0,0,0,0,0,0,1
201,27,1,429800,5,958,1,0,2,0,2,2,0,1,0,0,0,0,0,0,1
202,49,1,680400,1,2927,1,3,3,3,0,2,0,1,0,0,1,0,0,0,0
203,34,1,381500,1,1878,1,3,3,2,0,3,0,1,0,0,0,0,1,0,0
204,40,1,274100,8,2743,1,1,2,3,2,3,0,1,0,0,0,0,1,0,0
205,38,2,667300,7,562,0,0,1,0,2,2,0,1,0,0,0,0,1,0,0
206,29,2,763900,1,3946,0,2,1,3,2,1,0,0,1,0,0,1,0,0,0
207,22,5,232800,1,1545,1,2,3,1,0,1,0,1,0,0,1,0,0,0,0
208,36,1,215300,1,3168,1,0,1,3,1,2,0,1,0,0,0,0,1,0,0
209,40,9,487600,9,1455,1,4,3,3,2,0,0,1,0,0,1,0,0,0,0
210,46,1,939600,7,1651,1,3,3,0,0,2,0,1,0,0,0,0,1,0,0
211,32,4,1040000,1,5344,0,3,3,3,2,1,0,0,1,0,0,0,1,0,0
212,30,1,847400,1,4204,1,0,2,2,1,2,0,1,0,0,1,0,0,0,0
213,27,2,998100,1,2649,1,2,3,2,1,2,0,0,1,0,1,0,0,0,0
214,51,8,1249000,5,3820,1,3,1,1,2,0,0,1,0,0,1,0,0,0,0
215,30,3,265700,5,2103,0,2,3,0,1,2,0,1,0,0,0,0,0,0,1
216,41,6,1359100,3,538,1,2,3,3,1,2,0,0,1,0,1,0,0,0,0
217,30,2,669600,5,2503,0,3,2,0,1,1,0,0,1,0,0,1,0,0,0
218,29,1,205800,0,2262,0,2,2,2,1,1,0,1,0,0,0,0,0,0,1
219,45,6,886500,6,7262,1,2,3,3,1,2,0,0,1,0,0,0,1,0,0
220,54,3,594000,2,2266,1,2,3,0,2,2,0,0,1,0,0,1,0,0,0
221,36,5,591400,8,4827,1,1,3,1,1,3,0,1,0,0,1,0,0,0,0
222,33,4,262200,6,1268,1,3,2,1,2,2,0,1,0,0,0,0,1,0,0
223,37,1,1218500,1,3778,1,2,1,3,0,2,0,1,0,0,0,0,0,1,0
224,38,3,1060900,0,5944,1,2,0,2,0,1,0,0,1,0,1,0,0,0,0
225,31,1,434500,0,1902,1,3,2,2,2,2,0,1,0,0,0,0,1,0,0
226,59,3,217700,3,439,1,2,2,3,2,2,0,1,0,0,1,0,0,0,0
227,37,4,279300,4,3479,1,3,0,3,0,2,0,0,1,0,0,1,0,0,0
228,29,1,791800,1,4218,1,0,1,3,2,2,0,0,1,0,0,0,1,0,0
229,35,1,878900,1,3813,1,2,2,2,1,3,0,0,1,0,0,1,0,0,0
230,29,1,238900,1,1563,0,0,2,3,1,1,0,1,0,0,0,0,1,0,0
231,52,2,321200,7,930,1,2,2,3,1,1,0,1,0,0,1,0,0,0,0
232,42,4,1923200,1,8417,1,1,2,3,2,2,0,1,0,0,0,0,0,0,1
233,59,6,226700,8,1052,1,1,1,2,2,1,1,0,0,0,0,0,1,0,0
234,50,1,1951700,3,2857,1,3,3,3,0,1,0,0,1,0,0,0,1,0,0
235,33,1,243600,5,1978,0,2,2,3,2,0,0,1,0,0,0,0,1,0,0
236,43,1,1606400,5,6398,1,2,3,3,2,2,0,0,1,0,0,1,0,0,0
237,33,2,270700,7,3619,0,1,0,0,2,3,0,1,0,0,1,0,0,0,0
238,52,2,1906800,1,12407,1,3,0,2,1,3,0,0,1,0,1,0,0,0,0
239,32,4,393100,2,1513,1,1,2,1,2,2,0,0,1,0,1,0,0,0,0
240,32,1,373000,0,1487,0,2,3,2,1,0,0,1,0,0,1,0,0,0,0
241,39,1,223200,7,1201,1,3,2,2,0,2,0,1,0,0,0,0,1,0,0
242,32,2,446500,0,1142,1,3,2,3,2,2,0,0,1,0,0,1,0,0,0
243,41,1,307200,2,710,1,1,2,0,0,1,0,1,0,0,1,0,0,0,0
244,40,2,331900,1,3342,1,1,0,3,0,2,0,1,0,0,0,0,0,0,1
245,45,1,1920200,0,8933,1,2,2,3,2,2,0,1,0,0,0,0,0,1,0
246,31,3,1367500,9,963,1,3,1,2,0,2,0,1,0,0,0,0,1,0,0
247,33,5,291100,1,1060,1,3,2,3,2,1,0,1,0,0,1,0,0,0,0
248,34,2,595700,6,4125,1,3,3,0,2,2,0,1,0,0,1,0,0,0,0
249,37,1,392000,2,1428,1,1,2,0,2,1,0,1,0,0,0,0,1,0,0
250,45,7,643400,4,1239,1,3,0,2,2,2,0,1,0,0,1,0,0,0,0
251,37,1,1004800,6,532,0,2,0,2,0,2,0,1,0,0,0,0,1,0,0
252,39,2,1093800,0,7286,1,3,2,2,1,2,0,1,0,0,0,0,0,0,1
253,29,1,234000,1,2366,1,2,2,3,1,2,0,1,0,0,1,0,0,0,0
254,42,1,654500,3,1413,1,1,3,0,1,2,0,1,0,0,1,0,0,0,0
255,29,2,693100,2,1428,1,1,3,3,0,2,0,0,1,0,0,1,0,0,0
256,25,1,489800,0,1791,1,2,0,2,2,2,0,1,0,0,1,0,0,0,0
257,42,2,259300,0,3626,1,2,3,0,0,2,0,1,0,0,0,0,1,0,0
258,40,2,1943600,0,7849,1,1,0,2,0,2,0,1,0,0,0,0,1,0,0
259,51,1,272300,1,586,1,2,2,3,2,1,0,1,0,0,1,0,0,0,0
260,31,2,347900,0,2206,0,1,2,1,1,3,0,1,0,0,0,0,1,0,0
261,32,7,279400,1,2144,1,2,1,1,2,0,0,1,0,0,1,0,0,0,0
262,38,2,524900,3,3044,1,1,3,3,2,2,0,0,1,0,1,0,0,0,0
263,32,2,217600,4,2539,1,0,3,0,1,2,0,1,0,0,0,0,0,0,1
264,46,2,1687200,3,2791,1,2,2,1,2,1,0,0,1,0,0,0,0,0,1
265,28,2,348500,2,99,0,3,0,2,1,0,0,1,0,0,1,0,0,0,0
266,29,2,664400,2,83,1,2,0,1,2,2,0,0,1,0,0,0,1,0,0
267,31,2,558200,0,3317,1,2,1,3,2,2,0,1,0,0,0,0,1,0,0
268,25,5,400000,1,2351,1,1,1,0,0,2,0,1,0,0,1,0,0,0,0
269,45,2,1349600,0,7544,1,1,2,3,2,2,0,1,0,0,0,0,1,0,0
270,36,6,321000,0,5678,1,2,3,3,2,2,0,1,0,0,1,0,0,0,0
271,55,1,1904500,0,13262,1,2,3,0,1,2,0,1,0,0,0,0,1,0,0
272,47,2,1184900,1,4033,0,3,0,1,2,1,0,1,0,0,1,0,0,0,0
273,28,9,207000,1,1926,1,2,3,3,2,1,0,1,0,0,0,0,1,0,0
274,37,6,650200,4,2017,1,3,2,3,2,3,0,0,1,0,0,0,1,0,0
275,21,3,323000,1,1143,1,1,3,2,1,3,0,1,0,0,0,0,1,0,0
276,37,1,1360300,2,1873,1,3,0,3,0,2,0,1,0,0,0,0,1,0,0
277,35,2,1199600,7,2864,1,2,1,1,0,1,0,1,0,0,1,0,0,0,0
278,38,7,560500,1,3052,1,1,0,0,0,2,0,0,1,0,0,0,1,0,0
279,26,1,639700,1,2429,1,2,2,1,0,0,0,1,0,0,1,0,0,0,0
280,50,4,1914400,3,3814,1,0,0,1,0,1,0,1,0,0,1,0,0,0,0
281,53,3,1758400,3,2173,1,3,2,2,2,1,0,1,0,0,0,0,1,0,0
282,42,1,490700,1,7689,1,0,1,2,2,2,0,0,1,0,1,0,0,0,0
283,29,2,455400,1,3908,1,1,1,3,1,1,0,0,1,0,1,0,0,0,0
284,55,2,541500,3,3739,1,1,1,3,2,2,0,1,0,0,0,0,0,0,1
285,26,1,474100,1,1872,1,1,0,0,2,2,0,1,0,0,0,0,1,0,0
286,37,1,211500,1,6340,1,2,3,3,1,2,0,1,0,0,1,0,0,0,0
287,44,2,316100,3,687,0,2,3,2,0,0,0,1,0,0,1,0,0,0,0
288,38,2,574500,9,773,1,3,3,3,0,2,0,1,0,0,1,0,0,0,0
289,26,1,237300,2,1294,0,3,0,1,0,2,0,1,0,0,0,0,1,0,0
290,28,8,331000,1,2186,1,1,3,3,1,2,0,1,0,0,1,0,0,0,0
291,49,1,1866500,9,1390,1,3,2,0,1,2,0,1,0,0,1,0,0,0,0
292,36,3,448500,4,3076,1,2,2,1,1,2,0,1,0,0,0,0,0,0,1
293,31,5,278900,1,901,1,2,3,1,0,1,0,0,1,0,0,1,0,0,0
294,26,4,582800,1,3241,0,3,3,3,1,2,0,0,1,0,0,1,0,0,0
295,37,9,232600,1,1792,1,2,1,3,2,1,0,1,0,0,0,0,1,0,0
296,42,2,1352500,5,7467,1,2,2,1,2,3,0,0,1,0,0,1,0,0,0
297,18,3,142000,1,344,0,2,2,2,1,2,0,1,0,0,1,0,0,0,0
298,35,1,802000,0,4315,1,2,2,1,2,1,0,0,1,0,0,1,0,0,0
299,36,1,368800,4,422,1,3,2,3,2,2,0,1,0,0,1,0,0,0,0
300,51,2,548200,5,1722,1,2,3,1,0,2,0,1,0,0,0,0,1,0,0
301,41,2,1601500,1,8078,1,3,3,1,1,2,0,0,1,0,1,0,0,0,0
302,18,1,120000,1,359,1,2,3,2,1,2,0,0,1,0,0,0,1,0,0
303,28,1,566100,0,3007,1,1,1,0,1,2,0,1,0,0,0,0,1,0,0
304,31,7,692900,4,3122,1,2,1,3,2,1,0,0,1,0,0,0,0,0,1
305,39,1,961300,0,6719,1,2,2,3,0,1,0,1,0,0,0,0,1,0,0
306,36,2,567400,7,3443,1,3,1,1,2,2,0,1,0,0,1,0,0,0,0
307,32,7,548400,1,4809,1,2,3,2,2,1,0,0,1,0,1,0,0,0,0
308,38,2,1206100,3,3941,1,1,0,1,2,2,0,1,0,0,1,0,0,0,0
309,58,1,566000,2,2054,1,3,3,2,0,2,0,1,0,0,1,0,0,0,0
310,31,5,482100,0,2152,1,3,2,3,2,2,0,1,0,0,0,0,0,0,1
311,31,2,641000,3,969,1,2,0,0,2,2,1,0,0,1,0,0,0,0,0
312,45,7,521000,1,8819,1,2,0,0,0,2,0,1,0,0,1,0,0,0,0
313,31,2,269500,0,1055,1,3,2,3,0,0,0,1,0,0,1,0,0,0,0
314,33,5,1187800,6,3821,1,3,3,1,2,2,0,1,0,0,1,0,0,0,0
315,39,1,1706800,1,7743,1,0,2,0,2,2,0,1,0,0,0,0,1,0,0
316,43,1,245500,0,3303,1,3,2,3,1,2,0,1,0,0,1,0,0,0,0
317,49,1,1396400,7,2666,1,1,2,2,1,2,0,1,0,0,0,0,0,0,1
318,52,8,494100,2,3187,0,3,2,1,2,1,0,1,0,0,0,0,1,0,0
319,27,5,247800,1,1665,1,2,2,1,1,1,0,1,0,0,1,0,0,0,0
320,32,8,522800,1,5002,1,1,2,1,2,2,0,0,1,0,0,0,0,0,1
321,27,2,447800,1,1986,1,2,3,2,1,2,0,0,1,0,1,0,0,0,0
322,31,7,754700,4,2808,1,2,3,3,0,2,0,0,1,0,0,1,0,0,0
323,32,2,505500,7,2667,1,3,0,3,1,1,0,1,0,0,0,0,1,0,0
324,28,2,346400,5,1292,0,3,0,3,2,1,0,1,0,0,0,0,1,0,0
325,30,2,577500,1,4039,1,1,3,3,2,2,0,1,0,0,0,0,1,0,0
326,31,7,894300,1,3769,1,1,2,2,2,2,0,1,0,0,1,0,0,0,0
327,39,7,1927200,1,7875,1,1,2,3,2,2,0,1,0,0,0,0,1,0,0
328,39,3,523800,4,590,0,1,3,2,2,1,0,0,1,0,0,0,1,0,0
329,33,1,468200,3,2880,1,2,1,3,1,1,0,0,1,0,0,1,0,0,0
330,47,5,1830000,4,1378,1,4,3,2,2,2,0,1,0,0,1,0,0,0,0
331,43,1,525700,1,3353,1,3,2,2,0,3,0,1,0,0,1,0,0,0,0
332,27,1,634900,0,1868,1,0,2,1,2,2,0,0,1,0,0,1,0,0,0
333,54,2,486900,3,1667,1,3,3,2,1,1,0,1,0,0,1,0,0,0,0
334,43,7,998500,8,559,1,2,2,0,2,1,0,1,0,0,1,0,0,0,0
335,45,8,369700,9,4033,1,3,3,3,2,2,0,1,0,0,0,0,0,1,0
336,40,1,745700,2,1625,1,1,1,3,2,1,0,0,1,0,0,0,1,0,0
337,29,8,211900,1,2604,0,3,1,0,2,1,0,1,0,0,0,0,0,1,0
338,29,9,398300,0,1487,1,4,1,3,1,2,0,1,0,0,0,0,0,1,0
339,30,5,611800,1,3893,1,2,3,2,0,2,0,0,1,0,0,1,0,0,0
340,27,8,621400,1,3264,1,3,1,1,2,2,0,0,1,0,0,1,0,0,0
341,37,5,634700,7,2549,1,1,3,3,0,1,0,1,0,0,0,0,1,0,0
342,38,1,1151000,0,4088,1,1,2,3,0,2,0,1,0,0,1,0,0,0,0
343,31,7,714300,1,4132,1,3,2,3,1,1,0,1,0,0,0,0,1,0,0
344,29,1,826800,1,2714,1,0,3,1,0,2,0,0,1,0,0,1,0,0,0
345,35,5,809500,0,5957,1,3,2,1,1,2,0,1,0,0,0,0,0,0,1
346,23,2,290400,1,1588,1,0,2,3,0,1,0,1,0,0,1,0,0,0,0
347,41,6,603200,6,2001,1,2,3,1,1,2,0,1,0,0,0,0,1,0,0
348,47,4,297600,3,112,1,0,1,2,1,2,0,0,1,0,0,0,1,0,0
349,42,2,1599200,2,598,1,4,0,3,1,2,0,1,0,0,1,0,0,0,0
350,29,2,464900,1,1741,1,2,3,2,2,1,0,0,1,0,1,0,0,0,0
351,42,2,269600,0,1363,1,0,2,2,0,2,1,0,0,0,0,0,0,0,1
352,32,2,237000,1,3223,1,2,2,1,2,2,0,1,0,0,0,0,1,0,0
353,48,2,1250400,3,370,1,0,0,2,2,0,0,0,1,0,0,0,1,0,0
354,37,6,597400,4,2635,1,2,2,0,0,2,0,1,0,0,0,0,1,0,0
355,30,2,473600,7,970,1,1,3,2,2,3,0,0,1,0,0,0,0,0,1
356,26,1,529600,1,3274,1,2,2,2,2,2,0,0,1,0,1,0,0,0,0
357,42,2,678100,3,590,1,3,0,3,1,2,0,1,0,0,0,0,0,1,0
358,21,1,217400,1,1151,0,0,0,1,1,2,0,0,1,0,0,0,0,0,1
359,36,1,665300,4,612,1,4,3,3,1,2,0,0,1,0,0,0,1,0,0
360,36,3,969900,4,4984,1,3,0,3,2,2,0,0,1,0,0,0,1,0,0
361,57,1,675500,2,1291,1,3,3,2,2,2,0,1,0,0,0,0,1,0,0
362,40,1,221300,3,2805,1,3,3,2,2,2,0,1,0,0,1,0,0,0,0
363,21,9,261000,1,1470,1,1,0,3,1,1,0,0,1,0,0,0,1,0,0
364,33,5,285100,1,704,0,2,3,2,1,2,0,0,1,0,0,1,0,0,0
365,37,1,345200,6,1994,1,2,2,0,2,2,0,1,0,0,0,0,1,0,0
366,46,7,525800,2,617,1,3,2,2,2,3,0,1,0,0,0,0,1,0,0
367,41,4,935500,1,3146,0,2,0,1,1,2,0,0,1,0,0,1,0,0,0
368,50,1,1049600,6,1813,1,2,3,3,1,2,0,1,0,0,0,0,0,0,1
369,40,2,638000,2,2355,0,1,2,2,2,2,0,0,1,0,0,1,0,0,0
370,31,9,265700,0,827,1,3,2,1,1,2,0,1,0,0,1,0,0,0,0
371,21,1,271600,1,462,0,2,2,1,1,2,0,0,1,0,1,0,0,0,0
372,29,2,220100,9,1391,1,2,3,3,1,2,0,1,0,0,1,0,0,0,0
373,35,9,654000,9,687,1,3,2,1,1,2,0,1,0,0,1,0,0,0,0
374,27,1,381600,1,2123,1,1,3,1,0,2,0,1,0,0,0,0,1,0,0
375,28,9,525300,1,2821,1,3,1,3,1,2,0,0,1,0,1,0,0,0,0
376,49,7,1096500,8,2011,1,2,1,2,1,2,0,1,0,0,0,0,0,1,0
377,51,1,493600,4,2880,1,1,2,3,2,1,0,0,1,0,1,0,0,0,0
378,36,2,254300,4,792,1,2,3,2,2,2,0,1,0,0,1,0,0,0,0
379,34,1,530400,8,1877,0,2,0,3,1,1,0,0,1,0,0,1,0,0,0
380,55,2,1665900,2,1930,1,2,2,3,1,2,0,1,0,0,1,0,0,0,0
381,24,1,426000,1,2184,1,3,3,2,0,3,0,0,1,0,0,1,0,0,0
382,30,2,247600,1,571,1,0,2,1,2,2,0,0,1,0,0,0,0,0,1
383,26,3,310200,0,2246,0,0,2,0,1,2,0,1,0,0,0,0,0,0,1
384,22,1,224400,1,796,1,2,0,1,2,2,0,1,0,0,0,0,1,0,0
385,36,2,759600,1,3891,1,1,1,2,2,2,0,0,1,0,0,0,1,0,0
386,30,4,228500,9,524,0,2,2,3,1,2,0,1,0,0,0,0,0,0,1
387,37,1,303400,1,6687,1,2,3,0,0,1,0,1,0,0,1,0,0,0,0
388,40,2,571500,7,2050,1,1,3,1,0,2,0,0,1,0,0,1,0,0,0
389,42,1,257600,3,2120,1,3,1,0,0,2,0,1,0,0,1,0,0,0,0
390,37,1,419700,2,503,1,3,2,1,1,1,0,1,0,0,1,0,0,0,0
391,43,1,1433600,1,9288,1,2,0,1,0,2,0,1,0,0,1,0,0,0,0
392,40,2,344800,6,481,1,2,1,2,2,2,0,1,0,0,0,0,1,0,0
393,54,5,1940600,4,1649,1,1,0,0,2,1,0,1,0,0,0,0,1,0,0
394,34,4,653800,9,1301,1,3,2,2,2,2,0,0,1,0,0,1,0,0,0
395,31,7,430600,1,4854,1,1,1,0,2,0,0,1,0,0,0,0,1,0,0
396,43,2,225800,7,1133,1,2,3,3,2,2,0,1,0,0,0,0,1,0,0
397,43,8,452200,4,1867,1,3,2,2,0,2,0,1,0,0,0,0,0,1,0
398,25,4,448700,1,1973,1,1,1,3,1,2,0,0,1,0,1,0,0,0,0
399,37,2,444900,3,4985,1,4,1,2,2,2,0,1,0,0,0,0,1,0,0
400,31,1,221800,1,1545,1,1,3,0,2,2,0,1,0,0,1,0,0,0,0
401,39,1,1919700,1,8004,1,0,1,2,0,2,0,1,0,0,1,0,0,0,0
402,56,6,1321200,9,2655,1,2,2,0,2,1,0,0,1,0,1,0,0,0,0
403,30,1,657700,0,2168,1,2,1,2,1,2,0,0,1,0,0,0,0,0,1
404,41,1,839200,1,3869,1,2,1,0,2,2,0,0,1,0,0,1,0,0,0
405,28,1,455800,1,3744,1,1,2,0,0,2,0,1,0,0,0,0,1,0,0
406,25,3,403100,5,806,0,2,0,0,2,2,0,1,0,0,0,0,1,0,0
407,52,3,796900,2,2200,1,2,3,2,2,2,0,1,0,0,0,0,1,0,0
408,45,1,265400,3,1056,1,1,0,3,2,1,0,1,0,0,1,0,0,0,0
409,52,4,1655500,2,2029,1,1,3,3,2,0,0,1,0,0,1,0,0,0,0
410,42,2,455600,2,2120,1,1,0,2,0,2,0,1,0,0,1,0,0,0,0
411,30,2,609100,2,1971,1,2,2,3,1,2,0,1,0,0,1,0,0,0,0
412,60,7,1956600,5,10808,1,2,0,0,2,0,0,1,0,0,1,0,0,0,0
413,46,1,481000,2,3938,1,2,2,2,0,1,0,1,0,0,0,0,1,0,0
414,42,2,452300,0,2512,1,3,3,3,2,3,0,1,0,0,0,0,0,0,1
415,24,1,320200,1,1995,0,0,0,1,1,2,0,0,1,0,0,0,0,0,1
416,34,6,235100,0,982,0,1,3,2,0,1,0,0,1,0,0,1,0,0,0
417,38,2,170200,1,415,1,1,3,3,2,2,0,1,0,0,1,0,0,0,0
418,40,2,1804100,0,7599,1,3,2,2,2,2,0,0,1,0,1,0,0,0,0
419,26,2,288600,1,1132,1,2,0,3,0,0,0,1,0,0,1,0,0,0,0
420,30,3,209700,4,2121,1,2,2,3,2,0,0,1,0,0,1,0,0,0,0
421,29,3,1193500,1,3904,1,3,1,2,2,2,0,1,0,0,0,0,1,0,0
422,29,2,254600,5,854,0,4,2,1,2,3,0,1,0,0,0,0,0,0,1
423,19,2,256400,1,743,0,1,0,3,1,3,1,0,0,0,0,0,0,0,1
424,30,2,841200,0,3564,1,3,2,0,2,2,0,0,1,0,0,0,0,1,0
425,57,2,1411800,3,579,1,2,0,3,0,1,0,0,1,0,0,1,0,0,0
426,50,2,1704600,0,10129,1,3,1,2,2,2,0,1,0,0,1,0,0,0,0
427,30,2,256400,0,4185,1,2,2,3,1,1,0,1,0,0,0,0,1,0,0
428,60,2,1026600,4,6965,1,2,2,0,2,3,0,0,1,0,0,1,0,0,0
429,47,2,507000,5,2051,1,1,0,3,0,2,0,1,0,0,0,0,1,0,0
430,46,2,1786100,6,1475,1,2,0,2,2,0,0,1,0,0,1,0,0,0,0
431,35,2,423000,0,2161,1,2,3,2,1,2,0,1,0,0,1,0,0,0,0
432,54,8,378000,7,513,1,3,2,2,1,2,0,1,0,0,1,0,0,0,0
433,34,2,276800,3,2803,1,3,3,2,0,2,0,1,0,0,1,0,0,0,0
434,46,1,907100,2,1173,1,2,2,3,2,2,0,0,1,0,0,1,0,0,0
435,31,9,1064800,1,4786,1,0,2,1,0,3,0,1,0,0,1,0,0,0,0
436,33,1,1361000,7,2682,0,0,1,2,2,3,0,1,0,0,0,0,1,0,0
437,33,1,340800,7,1618,0,0,0,3,0,2,0,1,0,0,0,0,1,0,0
438,30,7,298300,0,1290,1,0,3,1,1,2,0,0,1,0,0,1,0,0,0
439,35,1,763200,4,3236,1,2,3,2,2,2,0,1,0,0,1,0,0,0,0
440,31,2,982400,3,665,0,2,0,2,2,2,0,1,0,0,1,0,0,0,0
441,34,2,995000,9,1303,0,2,1,0,0,2,1,0,0,1,0,0,0,0,0
442,42,5,209300,4,813,1,1,1,2,2,2,0,1,0,0,0,0,0,1,0
443,36,1,998000,1,3698,1,3,1,3,1,1,0,0,1,0,0,0,1,0,0
444,22,4,389400,5,846,0,0,2,2,1,2,0,1,0,0,0,0,0,0,1
445,48,2,405100,2,3343,1,4,1,3,2,2,0,0,1,0,0,1,0,0,0
446,55,1,1683500,3,3903,1,4,0,1,1,2,0,0,1,0,1,0,0,0,0
447,41,1,623000,7,5339,1,1,3,3,1,2,0,0,1,0,1,0,0,0,0
448,35,1,471700,9,4194,1,2,1,2,2,2,0,0,1,0,0,1,0,0,0
449,40,6,1323700,7,7506,1,2,1,2,1,2,0,1,0,0,1,0,0,0,0
450,39,8,375500,1,3034,1,0,2,2,2,2,0,1,0,0,1,0,0,0,0
451,31,2,658200,4,2306,1,0,1,3,1,3,0,0,1,0,1,0,0,0,0
452,42,2,740600,1,3931,1,2,3,0,2,1,0,1,0,0,0,0,1,0,0
453,45,2,480500,0,3094,1,2,3,1,2,3,0,0,1,0,0,0,0,1,0
454,26,1,274100,0,2795,0,3,1,2,0,1,1,0,0,0,1,0,0,0,0
455,29,1,426200,4,1333,1,2,3,3,0,3,0,1,0,0,0,0,0,0,1
456,33,1,1618400,4,2330,1,4,0,2,0,2,0,1,0,0,0,0,1,0,0
457,31,7,1155700,9,1984,1,2,2,3,0,1,0,0,1,0,1,0,0,0,0
458,18,5,187800,1,290,0,2,1,1,1,2,0,0,1,0,0,1,0,0,0
459,40,2,1093200,3,744,1,2,2,0,0,2,0,0,1,0,0,0,0,1,0
460,41,2,681100,2,3044,1,3,0,2,1,2,0,1,0,0,0,0,0,1,0
461,26,2,430600,5,164,1,1,0,2,0,2,0,0,1,0,0,0,1,0,0
462,35,1,485900,1,1879,1,2,0,2,1,2,0,0,1,0,0,0,1,0,0
463,34,2,533700,1,3969,1,3,3,3,1,2,0,0,1,0,1,0,0,0,0
464,26,2,234000,1,497,0,2,2,3,1,0,0,1,0,0,0,0,0,0,1
465,37,1,749100,4,2223,1,2,1,3,1,3,0,1,0,0,0,0,0,0,1
466,46,1,1052700,5,1057,1,0,0,2,2,1,0,1,0,0,0,0,1,0,0
467,41,2,1659500,7,6636,1,4,1,0,2,2,0,0,1,0,1,0,0,0,0
468,37,9,883400,1,3485,1,3,0,1,0,2,0,0,1,0,0,0,1,0,0
469,52,6,557700,3,3684,1,1,3,0,0,2,0,1,0,0,0,0,0,0,1
470,32,1,470700,8,1705,0,3,3,2,2,2,0,0,1,0,0,0,0,1,0
471,24,2,240000,0,951,1,2,3,3,2,2,0,0,1,0,0,0,1,0,0
472,38,1,982400,3,563,1,2,2,2,2,2,0,1,0,0,0,0,1,0,0
473,37,1,644700,6,2439,1,3,1,1,2,1,0,1,0,0,1,0,0,0,0
474,49,1,1950200,1,11543,1,3,3,2,0,2,0,1,0,0,1,0,0,0,0
475,24,2,272500,1,2226,1,2,1,3,2,2,0,1,0,0,0,0,1,0,0
476,26,2,627200,1,1880,1,1,0,1,2,3,0,0,1,0,0,1,0,0,0
477,24,1,212700,1,693,1,1,3,1,2,2,0,1,0,0,0,0,0,1,0
478,50,3,1820000,1,12014,1,2,0,1,2,2,1,0,0,0,0,0,1,0,0
479,25,1,209600,1,2662,1,0,1,2,2,2,0,0,1,0,0,0,1,0,0
480,24,7,288600,1,2444,0,2,0,2,2,2,0,1,0,0,1,0,0,0,0
481,30,1,203300,1,406,0,3,1,0,2,3,0,0,1,0,1,0,0,0,0
482,34,1,362200,1,2232,1,1,1,3,2,2,0,1,0,0,1,0,0,0,0
483,31,1,423300,2,1373,0,3,1,0,0,0,0,0,1,0,0,0,1,0,0
484,35,2,368100,4,1292,1,1,0,3,1,2,0,1,0,0,0,0,0,1,0
485,31,6,546000,4,2847,1,3,0,3,0,3,0,0,1,0,0,0,1,0,0
486,27,6,218700,0,1924,1,3,0,2,0,1,0,1,0,0,0,0,1,0,0
487,37,2,960200,4,1481,1,2,3,2,2,1,0,0,1,0,0,1,0,0,0
488,20,1,283600,1,749,1,2,3,1,1,3,0,1,0,0,1,0,0,0,0
489,42,2,408900,1,3985,1,3,2,3,2,2,0,1,0,0,1,0,0,0,0
490,43,6,1662700,4,737,1,3,1,3,0,1,0,1,0,0,0,0,0,1,0
491,38,1,261900,3,221,1,0,2,0,1,1,0,1,0,0,1,0,0,0,0
492,43,9,567900,3,3248,1,4,3,2,0,2,0,1,0,0,0,0,1,0,0
493,48,1,1540200,7,1221,1,3,3,0,2,0,0,1,0,0,1,0,0,0,0
494,44,1,598500,4,981,1,3,0,2,1,3,1,0,0,0,1,0,0,0,0
495,34,1,257900,1,3204,1,2,2,2,0,2,0,0,1,0,0,0,0,0,1
496,27,2,304100,0,1560,0,0,2,0,0,2,0,0,1,0,0,1,0,0,0
497,21,2,344700,1,1199,1,0,2,2,1,2,0,0,1,0,0,0,0,0,1
498,44,3,1951300,4,776,1,3,3,3,2,3,0,1,0,0,0,0,0,1,0
499,22,6,277300,0,1090,1,0,0,2,2,2,0,1,0,0,0,0,1,0,0
500,33,8,710400,0,1996,1,3,2,2,0,2,0,0,1,0,0,1,0,0,0
501,32,9,632200,1,2425,1,3,0,3,2,1,0,1,0,0,1,0,0,0,0
502,30,3,208300,1,523,1,2,2,2,0,2,0,1,0,0,0,0,1,0,0
503,53,1,838100,7,5317,1,0,3,0,1,3,0,0,1,0,0,0,1,0,0
504,34,1,269100,1,3823,1,4,1,3,2,1,0,1,0,0,1,0,0,0,0
505,45,2,428600,2,468,0,3,0,0,2,2,0,0,1,0,1,0,0,0,0
506,26,6,265900,1,1158,1,2,2,3,2,2,0,1,0,0,1,0,0,0,0
507,37,3,943400,1,3976,1,2,2,2,2,2,0,1,0,0,0,0,0,1,0
508,29,3,556100,1,2273,1,1,1,2,2,1,0,0,1,0,0,0,1,0,0
509,35,6,664600,1,6372,1,3,1,3,1,2,0,1,0,0,1,0,0,0,0
510,33,6,772500,3,5043,1,2,2,3,0,0,0,1,0,0,1,0,0,0,0
511,54,1,1072500,2,3662,1,3,2,1,2,3,1,0,0,0,0,0,1,0,0
512,36,9,884700,2,1324,1,1,1,1,0,2,0,1,0,0,0,0,1,0,0
513,27,3,204500,0,1701,1,3,0,3,1,2,0,1,0,0,0,0,1,0,0
514,20,1,100900,1,684,0,0,3,2,1,2,0,1,0,0,0,0,1,0,0
515,33,3,334800,1,3812,0,2,0,0,1,2,0,1,0,0,1,0,0,0,0
516,35,3,128100,1,685,1,2,2,2,2,2,0,1,0,0,1,0,0,0,0
517,23,4,281900,2,1127,1,2,0,0,2,3,0,1,0,0,0,0,1,0,0
518,25,8,485100,0,1432,1,2,3,1,2,2,0,0,1,0,1,0,0,0,0
519,38,7,402800,0,2587,1,3,3,3,1,2,0,0,1,0,0,1,0,0,0
520,29,1,272000,1,3778,1,3,1,3,0,2,0,1,0,0,1,0,0,0,0
521,48,2,812000,3,908,1,0,1,1,2,2,0,0,1,0,0,1,0,0,0
522,27,3,464700,1,2442,1,0,3,3,0,2,0,0,1,0,0,0,1,0,0
523,37,1,468000,3,508,1,1,3,3,1,2,0,1,0,0,1,0,0,0,0
524,50,2,322100,1,7495,1,0,3,2,2,2,0,1,0,0,0,0,1,0,0
525,34,9,862100,1,2975,1,2,3,1,1,3,0,1,0,0,0,0,1,0,0
526,24,3,457700,9,1090,0,1,0,2,1,2,0,0,1,0,1,0,0,0,0
527,39,2,455300,1,7690,1,3,3,2,1,2,0,1,0,0,0,0,0,0,1
528,32,1,539600,1,3912,1,2,3,3,1,1,0,0,1,0,0,1,0,0,0
529,50,8,679600,3,1667,0,1,1,2,2,2,0,0,1,0,0,0,0,0,1
530,38,1,762500,0,3338,1,3,1,3,1,1,0,1,0,0,1,0,0,0,0
531,27,1,741200,1,3534,1,1,2,0,2,2,0,1,0,0,1,0,0,0,0
532,32,3,1115900,3,2773,1,1,2,3,1,2,0,1,0,0,1,0,0,0,0
533,47,1,496000,2,2779,1,3,3,0,1,2,0,0,1,0,0,1,0,0,0
534,40,5,1047500,5,6613,1,3,3,0,2,2,0,0,1,0,1,0,0,0,0
535,53,7,1481400,3,2154,1,2,2,2,2,2,0,1,0,0,1,0,0,0,0
536,41,1,1914100,3,7865,1,3,1,3,0,1,1,0,0,1,0,0,0,0,0
537,60,1,540500,8,1007,1,3,0,0,1,2,0,0,1,0,0,1,0,0,0
538,27,1,879300,1,3630,1,1,3,0,0,1,0,1,0,0,1,0,0,0,0
539,41,1,1918900,1,8314,1,2,3,2,2,2,1,0,0,1,0,0,0,0,0
540,50,8,387500,7,1072,1,3,3,1,2,2,0,0,1,0,0,1,0,0,0
541,28,1,221600,7,2820,0,1,0,1,1,2,0,1,0,0,1,0,0,0,0
542,36,8,1171300,9,3078,1,2,0,0,2,2,0,1,0,0,1,0,0,0,0
543,38,1,786100,4,625,1,2,2,2,1,3,0,1,0,0,1,0,0,0,0
544,44,2,370800,2,2014,1,2,0,2,1,2,0,1,0,0,0,0,1,0,0
545,47,3,1377000,9,8240,1,2,3,2,0,1,0,0,1,0,0,0,1,0,0
546,30,2,530400,7,3182,1,4,2,3,0,1,0,0,1,0,0,1,0,0,0
547,29,1,264200,1,536,1,2,2,2,1,2,0,0,1,0,1,0,0,0,0
548,42,1,275900,6,1106,0,2,2,2,0,2,0,1,0,0,0,0,1,0,0
549,43,1,680400,3,961,1,2,3,3,2,2,0,0,1,0,1,0,0,0,0
550,34,8,614200,3,2120,1,1,1,2,1,2,0,1,0,0,0,0,1,0,0
551,23,9,250000,1,1622,1,0,1,0,2,3,0,1,0,0,0,0,1,0,0
552,39,3,638900,9,3051,1,2,2,1,2,0,1,0,0,1,0,0,0,0,0
553,56,9,1110300,7,3762,1,2,2,3,2,1,0,1,0,0,0,0,1,0,0
554,40,2,234200,0,1786,1,0,3,3,1,1,0,1,0,0,0,0,1,0,0
555,27,7,681100,8,2630,1,2,3,0,1,0,0,1,0,0,0,0,1,0,0
556,29,1,229700,1,1013,1,2,3,1,0,2,0,0,1,0,0,1,0,0,0
557,53,6,245000,2,785,1,2,3,3,1,2,0,1,0,0,1,0,0,0,0
558,35,2,509300,2,693,1,3,3,0,0,3,0,1,0,0,1,0,0,0,0
559,32,2,530900,1,4024,1,3,0,3,2,2,0,1,0,0,1,0,0,0,0
560,38,2,305700,6,691,1,4,3,2,2,0,0,1,0,0,0,0,1,0,0
561,34,8,512100,3,386,1,4,1,0,0,2,0,1,0,0,1,0,0,0,0
562,52,3,1685600,1,12730,1,3,2,0,2,3,0,0,1,0,0,1,0,0,0
563,33,1,268600,1,3845,0,3,3,3,1,1,0,1,0,0,0,0,0,1,0
564,25,2,618000,1,2485,1,0,2,3,1,1,0,0,1,0,0,0,1,0,0
565,45,2,663200,0,3029,1,1,1,2,1,2,0,0,1,0,0,0,0,0,1
566,23,1,350500,1,1076,1,0,0,2,1,2,0,1,0,0,0,0,1,0,0
567,47,2,639700,4,2066,0,1,1,2,1,2,0,0,1,0,1,0,0,0,0
568,34,2,627400,1,2531,1,2,3,3,1,2,0,0,1,0,0,0,0,1,0
569,55,2,1985900,5,2115,0,2,3,0,2,2,0,1,0,0,0,0,1,0,0
570,36,8,758700,1,3839,1,3,0,0,1,2,0,0,1,0,1,0,0,0,0
571,52,1,425800,0,1620,1,3,3,3,2,2,0,1,0,0,0,0,1,0,0
572,26,1,436400,3,959,1,1,0,3,0,2,0,1,0,0,1,0,0,0,0
573,29,2,433500,4,3027,1,2,1,2,2,1,0,1,0,0,0,0,1,0,0
574,26,8,532600,6,1603,0,2,3,0,1,1,0,0,1,0,0,0,0,0,1
575,34,1,328000,2,1659,1,3,1,3,1,2,0,1,0,0,1,0,0,0,0
576,54,1,548500,9,2081,1,3,3,0,0,2,0,1,0,0,0,0,1,0,0
577,27,8,434200,0,1788,1,0,2,3,2,2,0,0,1,0,0,1,0,0,0
578,37,1,278200,0,2110,1,0,3,0,0,1,0,1,0,0,1,0,0,0,0
579,38,2,598000,6,5758,1,3,0,0,1,2,0,1,0,0,1,0,0,0,0
580,34,2,438100,1,2299,1,3,2,0,1,2,0,1,0,0,0,0,1,0,0
581,35,8,257200,1,1324,1,3,0,3,2,1,0,0,1,0,1,0,0,0,0
582,30,1,383300,3,1038,1,2,3,2,2,2,0,1,0,0,1,0,0,0,0
583,40,2,424400,1,3312,1,1,2,1,2,2,0,1,0,0,0,0,1,0,0
584,34,8,650000,5,1351,1,1,2,0,2,2,0,0,1,0,1,0,0,0,0
585,42,8,1843000,1,8971,1,2,1,3,0,1,0,1,0,0,1,0,0,0,0
586,23,6,160100,1,41,0,2,2,0,2,2,0,1,0,0,1,0,0,0,0
587,24,9,269400,1,672,1,2,2,1,0,2,0,1,0,0,1,0,0,0,0
588,52,1,314900,8,1941,1,3,3,2,2,2,0,1,0,0,1,0,0,0,0
589,50,2,1763900,5,1767,1,2,2,2,2,2,0,1,0,0,0,0,1,0,0
590,29,1,231900,1,625,0,1,1,0,2,2,0,1,0,0,1,0,0,0,0
591,33,7,1169100,0,5043,1,2,2,2,2,3,0,1,0,0,0,0,1,0,0
592,33,1,532400,5,1325,0,2,0,0,1,2,0,0,1,0,0,1,0,0,0
593,47,2,1675200,1,9631,1,1,2,3,2,1,0,1,0,0,0,0,0,1,0
594,36,1,522800,0,3522,1,2,2,1,2,2,0,1,0,0,0,0,0,1,0
595,29,2,270000,1,3751,1,1,2,2,2,2,0,1,0,0,1,0,0,0,0
596,58,2,1924600,7,11463,0,3,3,1,1,2,0,1,0,0,1,0,0,0,0
597,35,1,250600,3,773,1,3,3,2,1,2,0,1,0,0,1,0,0,0,0
598,42,1,606200,9,1775,1,1,3,3,2,2,0,1,0,0,1,0,0,0,0
599,28,2,438200,6,1075,0,3,2,2,1,1,0,1,0,0,0,0,1,0,0
600,36,1,214300,4,1891,1,2,2,1,2,2,1,0,0,1,0,0,0,0,0
601,32,4,616200,1,5453,1,2,2,2,2,2,0,1,0,0,1,0,0,0,0
602,40,1,509400,6,427,1,3,0,2,1,2,0,1,0,0,0,0,1,0,0
603,30,2,687700,5,339,1,2,2,3,1,1,0,1,0,0,0,0,1,0,0
604,45,2,227400,1,617,1,2,1,2,1,2,0,1,0,0,1,0,0,0,0
605,42,2,443400,1,3433,1,2,1,1,2,1,0,1,0,0,1,0,0,0,0
606,38,1,628800,2,1589,1,2,0,0,0,1,0,1,0,0,1,0,0,0,0
607,34,1,255300,1,1883,1,3,2,3,1,2,0,1,0,0,1,0,0,0,0
608,49,1,765400,1,3658,0,2,2,3,2,3,0,0,1,0,0,1,0,0,0
609,55,2,516000,4,3457,0,0,2,3,1,1,0,0,1,0,0,0,1,0,0
610,43,1,1715900,6,1834,1,1,1,0,2,2,0,1,0,0,1,0,0,0,0
611,27,5,1280800,1,3582,1,0,2,3,0,2,0,1,0,0,0,0,0,0,1
612,35,7,1022100,3,3305,1,2,2,2,1,3,0,1,0,0,0,0,0,1,0
613,28,2,477900,1,2999,1,3,1,1,2,2,0,0,1,0,0,1,0,0,0
614,34,3,373700,0,1281,1,1,2,3,2,0,1,0,0,1,0,0,0,0,0
615,26,5,236600,1,3298,0,1,2,2,2,2,0,1,0,0,0,0,1,0,0
616,27,3,170600,1,239,1,2,3,3,2,1,0,1,0,0,0,0,1,0,0
617,51,2,1630700,2,7568,1,3,0,2,2,1,0,0,1,0,0,1,0,0,0
618,44,4,593300,9,2201,1,2,3,1,1,1,0,1,0,0,0,0,1,0,0
619,25,2,342400,7,1599,1,0,0,0,1,1,0,1,0,0,0,0,1,0,0
620,33,1,403700,1,3341,1,2,0,0,0,2,0,0,1,0,0,0,1,0,0
621,35,2,255900,1,2232,1,0,2,0,1,1,0,1,0,0,0,0,1,0,0
622,36,1,620100,1,6744,1,1,1,3,2,1,0,0,1,0,1,0,0,0,0
623,32,1,440300,2,2123,1,3,1,3,0,1,0,0,1,0,1,0,0,0,0
624,30,5,376100,9,1954,1,3,1,3,0,1,0,1,0,0,1,0,0,0,0
625,53,7,1093400,7,1860,1,1,0,3,2,2,0,0,1,0,0,1,0,0,0
626,45,9,1076100,4,1891,1,2,3,0,0,2,0,0,1,0,0,1,0,0,0
627,32,8,517500,5,2126,1,1,2,2,2,1,0,1,0,0,0,0,1,0,0
628,52,2,1382600,3,3416,1,3,2,3,2,2,0,1,0,0,0,0,1,0,0
629,37,1,633400,4,754,1,3,3,2,0,2,0,0,1,0,0,1,0,0,0
630,28,8,493600,1,2154,1,1,1,3,0,2,1,0,0,0,0,0,1,0,0
631,22,1,477500,6,931,1,1,3,3,2,0,0,1,0,0,1,0,0,0,0
632,44,8,281800,2,1422,1,3,0,3,2,1,0,1,0,0,1,0,0,0,0
633,42,2,251500,5,1085,1,0,1,3,1,2,0,1,0,0,0,0,1,0,0
634,36,8,234200,0,2100,1,2,0,0,2,2,1,0,0,0,1,0,0,0,0
635,25,3,419400,1,1986,1,0,2,0,2,2,0,0,1,0,0,0,0,1,0
636,35,9,1068500,1,6419,1,2,3,2,2,2,0,1,0,0,1,0,0,0,0
637,35,2,202200,1,3794,0,3,3,1,0,1,0,1,0,0,1,0,0,0,0
638,32,1,231400,0,1441,1,2,3,3,0,2,0,1,0,0,1,0,0,0,0
639,25,4,425600,1,2180,1,0,2,0,2,3,0,0,1,0,0,1,0,0,0
640,49,1,358000,2,1504,1,2,2,0,2,2,0,1,0,0,0,0,0,0,1
641,24,4,316200,0,1902,1,0,0,3,2,1,0,1,0,0,1,0,0,0,0
642,32,5,652400,1,4004,1,1,1,1,2,2,0,0,1,0,1,0,0,0,0
643,38,9,289900,0,971,1,2,1,1,2,2,0,0,1,0,0,1,0,0,0
644,42,3,523100,2,2045,1,2,2,3,2,1,0,1,0,0,1,0,0,0,0
645,31,1,235600,3,2520,1,3,3,3,2,2,0,1,0,0,1,0,0,0,0
646,29,1,280000,6,1456,0,2,1,2,0,2,0,0,1,0,0,0,1,0,0
647,53,8,1183600,5,1068,1,2,0,3,2,2,0,0,1,0,0,1,0,0,0
648,35,2,1090300,3,4787,1,2,3,1,2,2,0,1,0,0,0,0,0,0,1
649,37,2,297300,5,2071,1,1,2,3,2,2,0,0,1,0,0,0,1,0,0
650,53,2,1427500,6,4517,1,3,3,3,1,2,0,1,0,0,1,0,0,0,0
651,43,1,556200,4,2212,1,2,3,3,2,1,0,1,0,0,1,0,0,0,0
652,47,2,453700,0,2761,1,1,2,3,2,2,0,0,1,0,0,1,0,0,0
653,37,1,764200,1,3695,1,1,0,1,1,2,0,0,1,0,0,0,1,0,0
654,50,2,1792400,1,11396,1,3,0,0,0,2,0,1,0,0,1,0,0,0,0
655,39,2,520400,8,1890,1,2,3,3,2,2,1,0,0,0,1,0,0,0,0
656,33,3,227700,3,1679,1,1,3,1,0,3,1,0,0,1,0,0,0,0,0
657,32,2,279500,1,648,0,3,0,3,1,0,0,1,0,0,1,0,0,0,0
658,29,7,253200,6,1812,1,0,0,3,0,2,0,1,0,0,0,0,1,0,0
659,44,9,255900,1,3037,1,1,1,0,2,2,0,1,0,0,1,0,0,0,0
660,28,5,490800,1,1498,1,3,0,3,1,2,0,0,1,0,0,0,1,0,0
661,58,2,238000,9,520,0,0,3,3,0,1,0,1,0,0,1,0,0,0,0
662,43,8,476500,4,696,1,2,0,1,0,3,0,1,0,0,1,0,0,0,0
663,20,2,204400,1,856,0,2,2,2,1,1,0,0,1,0,0,0,1,0,0
664,21,1,269300,1,672,0,0,3,3,1,1,0,1,0,0,0,0,0,1,0
665,36,1,658600,0,6066,1,0,2,3,2,1,0,1,0,0,1,0,0,0,0
666,47,2,329400,1,1366,1,3,3,3,1,1,0,0,1,0,1,0,0,0,0
667,22,3,417100,0,1412,0,0,1,2,2,3,0,1,0,0,1,0,0,0,0
668,41,2,277800,4,2730,0,3,1,3,0,1,0,1,0,0,1,0,0,0,0
669,28,9,237700,5,960,1,2,2,2,0,2,0,1,0,0,0,0,1,0,0
670,39,6,240400,7,1088,0,2,3,0,2,0,0,1,0,0,0,0,1,0,0
671,27,4,231800,1,682,1,2,1,2,1,2,0,1,0,0,1,0,0,0,0
672,34,1,200800,1,715,1,2,1,1,0,2,0,1,0,0,1,0,0,0,0
673,42,1,624400,7,1899,1,1,2,2,1,2,0,0,1,0,0,0,1,0,0
674,33,1,279900,3,1266,1,3,2,0,1,2,0,1,0,0,0,0,0,1,0
675,58,5,1055200,2,2377,1,2,2,1,0,2,0,1,0,0,0,0,0,0,1
676,31,7,232900,3,2771,1,3,1,2,2,3,0,0,1,0,1,0,0,0,0
677,35,2,401400,1,3707,1,0,3,3,2,0,0,1,0,0,1,0,0,0,0
678,49,8,740300,4,9840,1,1,0,1,2,1,0,1,0,0,0,0,0,1,0
679,48,2,225900,4,134,1,3,3,2,2,1,0,1,0,0,0,0,1,0,0
680,31,2,693200,1,3396,1,1,3,2,2,1,0,0,1,0,0,1,0,0,0
681,36,7,467800,2,2296,1,3,1,3,1,2,0,1,0,0,0,0,0,1,0
682,38,1,1358200,1,5734,1,2,3,0,2,2,0,1,0,0,0,0,0,0,1
683,32,1,233200,6,1466,1,2,2,1,2,2,0,1,0,0,1,0,0,0,0
684,25,1,241300,1,656,0,1,2,1,2,2,0,0,1,0,0,1,0,0,0
685,40,1,970500,2,709,1,3,0,1,0,1,0,0,1,0,0,1,0,0,0
686,26,1,429400,1,2693,1,2,2,0,1,2,0,0,1,0,0,0,1,0,0
687,41,6,472100,2,6681,1,2,3,0,1,2,0,1,0,0,0,0,1,0,0
688,36,2,251900,4,4207,1,3,2,2,1,2,0,1,0,0,0,0,1,0,0
689,19,2,212100,1,535,0,2,3,1,1,3,0,0,1,0,0,0,0,1,0
690,20,4,297300,1,483,0,2,0,0,1,2,0,1,0,0,0,0,0,0,1
691,31,1,585500,0,3541,1,2,3,3,2,0,0,1,0,0,0,0,1,0,0
692,40,9,361700,8,646,1,3,3,1,0,2,0,1,0,0,0,0,1,0,0
693,32,3,672500,1,3246,1,3,2,0,2,3,0,1,0,0,0,0,1,0,0
694,36,3,1032500,1,5951,0,0,2,3,2,2,0,0,1,0,1,0,0,0,0
695,33,1,694900,0,1980,1,2,1,3,1,2,0,1,0,0,1,0,0,0,0
696,37,1,1060900,5,5464,0,3,0,2,2,0,0,0,1,0,1,0,0,0,0
697,45,4,444700,1,3635,1,1,2,1,2,1,0,1,0,0,1,0,0,0,0
698,29,2,215700,1,1425,1,2,2,3,2,2,0,0,1,0,0,0,0,0,1
699,35,1,460100,1,2170,1,2,2,2,2,2,0,0,1,0,0,0,1,0,0
700,52,1,1709900,2,3354,1,1,3,3,2,1,0,1,0,0,1,0,0,0,0
701,58,2,247900,4,624,0,2,3,2,1,2,0,1,0,0,0,0,0,0,1
702,53,2,1485200,6,6384,1,1,2,2,0,3,0,0,1,0,0,0,1,0,0
703,30,8,726400,5,3142,1,1,2,2,0,3,0,0,1,0,0,0,0,1,0
704,38,1,566600,1,1986,1,2,2,3,1,2,0,0,1,0,0,0,0,0,1
705,35,3,782300,6,4038,1,3,3,3,0,2,0,0,1,0,1,0,0,0,0
706,39,2,788000,0,3084,1,4,0,2,1,2,0,0,1,0,1,0,0,0,0
707,40,2,1319400,4,723,0,2,1,1,1,1,0,0,1,0,1,0,0,0,0
708,47,1,506700,1,7255,1,3,2,2,0,3,0,1,0,0,0,0,1,0,0
709,36,8,507900,4,2822,1,3,0,3,0,2,0,0,1,0,0,0,0,0,1
710,31,9,232100,0,1150,0,1,2,0,1,2,0,1,0,0,0,0,1,0,0
711,33,1,1744400,1,3822,1,2,3,2,1,2,0,0,1,0,1,0,0,0,0
712,29,1,240400,6,124,0,2,3,0,1,2,0,1,0,0,1,0,0,0,0
713,33,1,345200,3,1385,1,0,1,3,1,2,0,1,0,0,1,0,0,0,0
714,45,1,227000,3,1863,1,3,3,3,0,2,0,1,0,0,0,0,1,0,0
715,50,1,1739900,9,1883,1,1,3,3,0,1,0,1,0,0,0,0,1,0,0
716,33,1,548800,1,2238,1,3,2,1,2,2,0,1,0,0,0,0,0,1,0
717,41,9,1941900,2,6641,1,2,0,2,0,3,0,1,0,0,0,0,1,0,0
718,27,1,281100,9,1100,1,3,2,1,2,2,0,1,0,0,0,0,0,0,1
719,45,2,363300,1,3615,1,1,3,0,2,2,0,1,0,0,1,0,0,0,0
720,47,4,416300,1,3533,1,1,3,3,1,2,0,0,1,0,1,0,0,0,0
721,30,2,213200,4,1985,0,2,0,2,2,2,0,1,0,0,1,0,0,0,0
722,50,2,1397300,3,4497,1,2,3,2,2,2,0,1,0,0,1,0,0,0,0
723,38,1,268400,0,799,1,0,2,2,2,1,0,1,0,0,0,0,1,0,0
724,46,7,1084500,6,3009,1,1,3,2,0,2,0,1,0,0,0,0,1,0,0
725,24,1,437700,1,1617,1,0,3,2,0,2,0,1,0,0,0,0,1,0,0
726,35,1,374300,1,1744,0,3,2,1,0,0,0,1,0,0,0,0,0,1,0
727,31,1,414800,1,1574,1,0,2,0,2,2,0,1,0,0,1,0,0,0,0
728,18,5,105100,1,270,1,1,1,3,1,2,0,1,0,0,1,0,0,0,0
729,54,1,1073900,8,4024,1,2,2,2,2,2,0,1,0,0,0,0,0,0,1
730,35,2,1038800,1,5894,1,3,2,2,0,1,0,1,0,0,0,0,1,0,0
731,30,8,1141600,0,3116,1,1,1,0,2,1,0,1,0,0,1,0,0,0,0
732,20,1,260000,1,518,0,2,3,0,1,2,0,1,0,0,0,0,1,0,0
733,30,5,242200,0,1466,0,2,1,1,1,2,0,1,0,0,0,0,1,0,0
734,26,2,547200,1,2997,1,1,3,3,2,2,0,1,0,0,0,0,1,0,0
735,22,8,245100,1,1826,1,0,1,0,2,1,0,1,0,0,1,0,0,0,0
736,48,6,424000,2,769,1,2,0,2,1,2,0,1,0,0,1,0,0,0,0
737,48,4,1099900,7,5590,1,3,2,2,1,2,0,1,0,0,1,0,0,0,0
738,41,7,500300,6,833,1,1,3,2,1,2,0,1,0,0,0,0,1,0,0
739,39,1,1274200,1,7888,1,0,3,3,2,2,0,1,0,0,1,0,0,0,0
740,27,2,422700,0,1300,1,3,0,3,2,2,0,1,0,0,1,0,0,0,0
741,35,1,391700,1,1160,1,2,1,3,0,1,0,1,0,0,0,0,0,1,0
742,42,5,1830300,6,517,1,1,3,2,2,3,0,0,1,0,0,1,0,0,0
743,50,9,238000,4,479,1,2,0,3,2,2,0,1,0,0,1,0,0,0,0
744,59,2,1372600,3,1930,1,2,2,3,1,2,0,1,0,0,1,0,0,0,0
745,37,1,477700,5,752,0,1,0,1,2,0,0,1,0,0,0,0,1,0,0
746,55,1,638500,3,3240,1,3,2,1,2,2,0,1,0,0,0,0,1,0,0
747,41,7,1997300,1,7955,1,0,1,2,0,2,0,1,0,0,1,0,0,0,0
748,38,3,686100,8,522,1,3,1,3,1,2,0,0,1,0,1,0,0,0,0
749,26,2,496900,8,777,0,1,1,0,1,2,0,0,1,0,0,0,1,0,0
750,52,2,1984500,1,11744,0,0,0,3,2,2,0,0,1,0,0,1,0,0,0
751,44,2,1332000,3,4607,1,2,3,3,2,2,0,0,1,0,0,0,1,0,0
752,50,1,634700,0,6908,1,2,3,2,2,2,0,0,1,0,1,0,0,0,0
753,36,1,274300,1,6347,0,3,2,0,1,2,0,1,0,0,1,0,0,0,0
754,39,2,1088000,1,7892,1,2,3,0,1,2,0,1,0,0,0,0,1,0,0
755,33,8,234200,0,870,1,0,1,3,1,1,0,0,1,0,1,0,0,0,0
756,45,1,1765000,3,3490,1,1,3,3,2,3,0,0,1,0,1,0,0,0,0
757,32,2,402500,9,3128,1,3,3,2,1,2,0,1,0,0,0,0,1,0,0
758,34,1,972500,0,5625,1,3,1,3,0,1,0,0,1,0,0,1,0,0,0
759,59,1,1190400,3,2380,1,1,1,3,2,0,0,0,1,0,0,0,0,0,1
760,45,2,217700,1,2256,1,3,1,1,1,2,1,0,0,0,0,0,1,0,0
761,53,2,752500,2,5837,1,2,2,1,2,2,0,0,1,0,0,1,0,0,0
762,36,1,483400,7,686,0,2,0,2,0,1,0,1,0,0,0,0,0,1,0
763,26,2,204200,6,1269,0,2,0,0,2,2,0,1,0,0,1,0,0,0,0
764,34,1,222000,1,405,1,3,2,2,2,2,0,0,1,0,1,0,0,0,0
765,28,1,105200,1,552,1,0,3,1,2,2,0,0,1,0,0,0,1,0,0
766,38,3,282100,3,859,1,3,2,2,2,2,0,1,0,0,0,0,0,1,0
767,50,2,1923700,2,3112,1,3,1,2,2,1,0,1,0,0,0,0,1,0,0
768,37,3,410700,3,1494,1,2,3,1,1,1,0,1,0,0,0,0,0,1,0
769,40,2,839600,1,2592,1,2,2,0,2,1,0,0,1,0,0,1,0,0,0
770,26,1,200700,1,2149,1,0,0,2,0,2,0,1,0,0,0,0,1,0,0
771,46,1,1962700,9,927,1,3,3,3,0,2,0,1,0,0,0,0,1,0,0
772,54,2,1068600,6,3446,1,3,2,2,2,2,0,0,1,0,1,0,0,0,0
773,56,9,294200,2,1906,1,2,0,2,2,2,0,1,0,0,0,0,1,0,0
774,36,1,885800,0,5150,1,4,3,3,1,1,0,1,0,0,0,0,1,0,0
775,55,2,1675600,7,3328,1,0,2,0,1,3,0,1,0,0,0,0,1,0,0
776,43,2,1079800,5,707,1,2,2,3,0,2,0,0,1,0,0,0,1,0,0
777,20,9,232300,1,887,0,2,3,3,1,2,0,0,1,0,0,1,0,0,0
778,21,1,141600,1,456,0,2,2,0,1,1,0,1,0,0,1,0,0,0,0
779,46,8,461500,8,5876,1,3,3,0,0,2,0,1,0,0,1,0,0,0,0
780,51,4,246100,9,3825,0,3,0,2,2,3,0,1,0,0,1,0,0,0,0
781,28,2,872200,1,3813,0,1,1,0,1,1,0,1,0,0,0,0,0,0,1
782,26,1,395500,1,2166,1,1,0,0,2,2,0,1,0,0,0,0,1,0,0
783,30,2,995700,0,2295,1,2,2,0,2,1,0,1,0,0,0,0,0,1,0
784,41,7,337600,1,3690,1,1,1,2,2,2,0,1,0,0,0,0,0,0,1
785,38,1,882300,0,7171,1,0,2,2,2,1,0,1,0,0,1,0,0,0,0
786,40,2,1032200,4,4054,1,3,0,3,2,2,0,1,0,0,0,0,0,0,1
787,27,8,462100,1,1391,1,4,0,2,2,2,0,1,0,0,1,0,0,0,0
788,55,2,1097600,3,1460,1,0,3,1,2,2,0,1,0,0,1,0,0,0,0
789,28,1,366000,3,3298,1,2,2,2,1,3,0,1,0,0,0,0,0,1,0
790,44,1,1048200,9,7399,0,1,1,0,2,2,1,0,0,0,0,0,1,0,0
791,33,5,711900,4,1388,1,2,3,3,0,2,0,1,0,0,1,0,0,0,0
792,35,4,958200,0,3006,0,2,3,0,1,2,0,0,1,0,0,0,0,0,1
793,33,2,450800,1,4977,0,3,0,2,1,2,0,1,0,0,0,0,1,0,0
794,28,1,220700,1,1781,1,1,0,2,0,1,0,1,0,0,1,0,0,0,0
795,34,3,775600,0,2296,1,0,0,3,1,1,0,1,0,0,1,0,0,0,0
796,37,1,669400,2,444,1,3,3,3,0,2,0,0,1,0,1,0,0,0,0
797,25,4,369100,1,2946,0,0,3,3,2,3,0,1,0,0,0,0,0,0,1
798,26,2,237700,1,594,0,2,0,2,0,1,0,1,0,0,0,0,1,0,0
799,33,2,231300,4,963,0,2,0,1,1,2,0,1,0,0,0,0,1,0,0
800,42,2,1766500,0,8420,1,1,3,0,2,2,0,1,0,0,0,0,1,0,0
801,28,1,259600,1,618,0,2,0,1,0,2,0,1,0,0,0,0,1,0,0
802,50,1,472800,3,179,0,3,3,2,1,2,0,0,1,0,0,0,0,1,0
803,33,7,430200,0,1448,1,2,3,1,2,2,0,0,1,0,1,0,0,0,0
804,34,3,297900,3,349,1,3,2,3,2,2,0,1,0,0,1,0,0,0,0
805,48,1,1688500,2,1901,1,3,0,3,1,1,0,1,0,0,0,0,1,0,0
806,45,9,559300,1,5566,1,3,1,2,2,2,0,0,1,0,1,0,0,0,0
807,52,7,1044500,7,3191,1,3,1,1,1,2,0,1,0,0,1,0,0,0,0
808,38,1,874000,0,3234,1,3,2,2,0,2,0,0,1,0,0,1,0,0,0
809,29,2,251400,4,2700,1,3,2,3,0,2,0,1,0,0,1,0,0,0,0
810,28,3,765500,0,3462,1,2,3,1,0,1,0,1,0,0,0,0,1,0,0
811,46,3,1746500,3,4470,1,0,0,2,2,2,0,0,1,0,0,1,0,0,0
812,38,2,735100,7,711,1,1,3,1,1,2,0,0,1,0,0,1,0,0,0
813,43,2,1082000,8,3151,1,2,2,0,2,2,0,1,0,0,1,0,0,0,0
814,39,2,1216900,7,6775,0,2,0,3,0,2,0,1,0,0,1,0,0,0,0
815,40,1,1962600,1,7446,1,2,2,2,1,3,0,1,0,0,0,0,1,0,0
816,21,1,207000,1,984,1,0,3,1,1,3,0,1,0,0,0,0,0,0,1
817,39,9,678200,9,2166,1,2,2,1,1,1,0,1,0,0,1,0,0,0,0
818,36,1,777900,2,4375,1,3,0,3,1,2,0,1,0,0,1,0,0,0,0
819,31,2,279100,0,1029,1,2,2,3,2,2,0,0,1,0,1,0,0,0,0
820,28,2,320100,0,1889,1,0,0,1,2,0,0,1,0,0,1,0,0,0,0
821,35,1,496800,1,2095,1,1,3,3,0,2,0,0,1,0,0,1,0,0,0
822,49,8,1312000,6,3391,1,3,3,1,2,2,0,0,1,0,0,0,0,0,1
823,34,2,403300,2,1487,1,1,3,2,1,1,0,1,0,0,1,0,0,0,0
824,29,1,329100,0,2589,1,2,3,1,0,1,0,1,0,0,1,0,0,0,0
825,42,2,427200,4,438,1,2,1,3,1,2,0,1,0,0,0,0,1,0,0
826,29,8,505600,1,3786,1,0,1,3,2,1,0,1,0,0,0,0,1,0,0
827,38,1,284400,1,2913,1,2,2,2,2,3,1,0,0,1,0,0,0,0,0
828,28,6,270300,1,1346,1,2,2,2,0,2,0,1,0,0,1,0,0,0,0
829,18,8,190400,1,52,0,0,2,2,1,2,0,1,0,0,0,0,1,0,0
830,33,9,822400,0,1999,0,3,0,0,1,2,0,0,1,0,0,1,0,0,0
831,41,1,476600,3,757,1,3,1,3,2,2,0,1,0,0,1,0,0,0,0
832,31,1,261000,1,952,0,2,2,2,2,1,0,1,0,0,0,0,1,0,0
833,37,2,573100,7,2321,1,1,2,3,0,2,0,1,0,0,0,0,1,0,0
834,27,6,253900,1,1587,1,2,3,2,2,2,0,1,0,0,1,0,0,0,0
835,34,9,571400,1,2268,1,0,1,2,2,1,0,0,1,0,1,0,0,0,0
836,35,8,432300,1,2176,1,3,2,2,1,0,1,0,0,0,0,0,0,0,1
837,29,2,733600,1,4330,0,0,3,0,2,0,0,0,1,0,1,0,0,0,0
838,40,9,1349900,9,6651,1,3,1,2,1,1,0,1,0,0,0,0,1,0,0
839,42,1,1375800,0,8010,0,2,2,0,1,1,0,0,1,0,1,0,0,0,0
840,42,4,515500,7,2542,1,3,1,0,1,3,0,0,1,0,0,1,0,0,0
841,35,1,225800,6,3295,1,3,3,2,2,2,0,1,0,0,0,0,1,0,0
842,24,2,359700,8,1553,1,2,3,1,1,2,0,1,0,0,0,0,1,0,0
843,28,1,251500,1,408,0,0,2,3,2,1,0,1,0,0,1,0,0,0,0
844,26,3,442000,1,3080,1,3,0,3,2,2,0,1,0,0,0,0,1,0,0
845,30,1,657800,1,3768,1,2,2,2,2,2,0,0,1,0,0,1,0,0,0
846,40,2,442200,3,490,1,1,2,3,2,0,0,1,0,0,0,0,1,0,0
847,35,2,1027400,2,2873,1,2,2,1,0,3,0,1,0,0,1,0,0,0,0
848,34,1,534300,0,4935,1,2,3,0,1,2,0,1,0,0,0,0,1,0,0
849,35,4,237600,1,1046,1,3,3,3,2,3,0,1,0,0,0,0,0,1,0
850,43,9,534600,8,1623,0,2,0,2,1,1,0,0,1,0,0,1,0,0,0
851,32,2,282700,1,468,1,0,2,0,0,2,0,0,1,0,1,0,0,0,0
852,56,4,1994300,4,2059,1,3,3,0,0,2,0,1,0,0,0,0,0,0,1
853,29,6,313100,1,4025,1,0,1,3,2,2,0,1,0,0,0,0,1,0,0
854,19,9,255200,1,641,1,1,2,0,1,2,0,1,0,0,1,0,0,0,0
855,45,7,447700,4,1357,1,2,0,2,2,1,0,1,0,0,0,0,1,0,0
856,37,1,647400,1,5340,1,2,3,3,2,1,0,1,0,0,1,0,0,0,0
857,20,3,303300,1,836,1,2,0,2,1,1,0,1,0,0,1,0,0,0,0
858,44,1,293600,1,2271,0,3,2,2,1,2,0,1,0,0,1,0,0,0,0
859,53,7,1860600,3,2939,1,1,3,2,0,2,0,1,0,0,0,0,1,0,0
860,29,1,216800,0,1933,1,0,1,3,2,1,0,1,0,0,1,0,0,0,0
861,22,3,285300,0,387,0,3,2,3,2,2,0,1,0,0,1,0,0,0,0
862,46,2,1704800,8,9689,1,2,2,0,2,2,0,0,1,0,0,1,0,0,0
863,44,1,229000,2,319,1,2,3,2,1,2,0,1,0,0,1,0,0,0,0
864,33,2,360000,1,1881,1,2,1,2,2,2,1,0,0,1,0,0,0,0,0
865,41,5,210700,6,564,0,1,0,0,0,0,0,1,0,0,1,0,0,0,0
866,30,2,411500,8,1647,1,3,2,0,0,2,0,0,1,0,1,0,0,0,0
867,40,2,432700,5,281,1,3,1,1,2,2,0,0,1,0,0,0,1,0,0
868,50,2,1785600,2,984,1,2,3,0,2,2,0,1,0,0,0,0,1,0,0
869,28,1,319600,1,2570,1,3,3,0,2,2,0,1,0,0,0,0,1,0,0
870,46,1,1908100,5,1814,1,1,3,1,2,2,0,1,0,0,1,0,0,0,0
871,35,1,896600,3,2894,1,3,2,0,2,2,0,0,1,0,1,0,0,0,0
872,24,1,221000,1,701,0,1,3,1,2,0,0,1,0,0,1,0,0,0,0
873,33,2,453900,1,3716,1,2,1,2,2,1,0,0,1,0,0,0,1,0,0
874,36,6,274100,1,2856,1,3,2,2,0,2,0,1,0,0,1,0,0,0,0
875,30,7,349100,1,3920,1,3,2,2,0,1,0,1,0,0,1,0,0,0,0
876,44,2,454100,1,7603,1,3,3,3,1,2,0,1,0,0,0,0,0,1,0
877,20,2,267800,1,1020,1,2,2,3,1,2,0,0,1,0,0,1,0,0,0
878,46,2,737900,2,2389,1,3,3,3,0,1,0,1,0,0,0,0,0,0,1
879,42,2,627200,7,1618,1,4,3,0,2,3,1,0,0,0,0,0,1,0,0
880,60,7,522000,0,4123,1,3,1,3,0,2,0,0,1,0,0,1,0,0,0
881,32,1,274300,1,1021,1,2,2,1,2,2,0,1,0,0,0,0,0,1,0
882,32,2,499800,4,3019,1,1,3,2,1,2,0,1,0,0,1,0,0,0,0
883,36,1,1025200,2,2890,1,2,2,0,0,2,0,1,0,0,0,0,0,0,1
884,33,9,278100,0,5501,1,2,0,3,2,2,0,1,0,0,0,0,1,0,0
885,40,1,685200,7,2064,1,2,1,1,0,3,0,0,1,0,0,0,0,0,1
886,25,1,495000,0,1539,1,3,2,3,1,2,0,0,1,0,1,0,0,0,0
887,30,1,357900,0,4155,1,2,3,1,2,2,0,1,0,0,0,0,1,0,0
888,42,2,1319100,3,469,1,4,0,0,2,2,0,1,0,0,0,0,1,0,0
889,35,8,1037700,4,4964,1,1,2,3,2,1,0,0,1,0,0,1,0,0,0
890,27,1,223500,1,3507,1,2,0,0,2,1,0,1,0,0,1,0,0,0,0
891,54,1,1050200,7,1986,1,3,3,2,0,0,0,1,0,0,1,0,0,0,0
892,44,2,201100,1,3747,1,0,0,3,2,2,0,1,0,0,1,0,0,0,0
893,19,1,185900,1,519,0,2,0,1,1,3,0,1,0,0,0,0,1,0,0
894,29,1,376000,1,1376,1,2,0,3,0,2,0,1,0,0,1,0,0,0,0
895,54,3,1777900,3,3752,1,2,3,3,2,2,0,1,0,0,1,0,0,0,0
896,31,1,683300,1,2327,1,1,2,0,2,1,0,1,0,0,0,0,1,0,0
897,31,2,681200,1,3862,1,2,2,0,1,2,0,1,0,0,0,0,1,0,0
898,59,3,517100,5,2321,1,2,2,3,1,2,0,0,1,0,1,0,0,0,0
899,43,3,1974000,3,2986,1,2,2,3,2,2,0,1,0,0,1,0,0,0,0
900,49,4,1871100,2,665,1,1,0,2,2,3,0,1,0,0,0,0,1,0,0
901,36,3,369200,1,4183,1,2,2,1,2,1,0,1,0,0,0,0,0,0,1
902,48,2,255900,5,689,1,1,3,1,1,1,0,1,0,0,0,0,0,0,1
903,27,4,251700,1,2161,1,1,0,2,0,2,0,1,0,0,1,0,0,0,0
904,29,7,662300,1,2473,1,2,2,3,0,2,0,1,0,0,1,0,0,0,0
905,48,1,1826500,6,557,1,2,3,3,1,3,0,1,0,0,1,0,0,0,0
906,29,1,1612400,3,2837,1,2,3,3,0,1,0,1,0,0,1,0,0,0,0
907,34,2,258500,0,502,1,2,2,2,2,1,0,1,0,0,0,0,0,0,1
908,44,5,1821300,7,8318,1,2,1,1,2,2,0,0,1,0,0,1,0,0,0
909,33,1,838000,0,3473,1,4,3,2,0,2,0,0,1,0,0,1,0,0,0
910,19,2,299400,1,421,1,2,1,3,1,2,0,1,0,0,1,0,0,0,0
911,23,1,122300,1,597,1,1,3,2,2,2,0,1,0,0,1,0,0,0,0
912,25,2,111800,1,649,0,0,2,3,1,2,0,0,1,0,1,0,0,0,0
913,26,4,287500,1,3157,1,1,2,3,1,1,0,1,0,0,1,0,0,0,0
914,45,2,1882400,2,8981,0,2,0,1,1,2,0,0,1,0,0,1,0,0,0
915,55,8,1357700,1,12101,1,0,3,1,0,2,0,1,0,0,0,0,1,0,0
916,21,1,262500,1,950,0,1,0,2,1,0,0,1,0,0,1,0,0,0,0
917,46,4,1878900,2,4117,1,1,3,1,2,2,0,0,1,0,0,1,0,0,0
918,34,2,453800,0,1170,1,2,2,0,1,2,0,0,1,0,0,1,0,0,0
919,51,9,1984700,4,10659,1,2,3,1,0,1,0,0,1,0,1,0,0,0,0
920,59,1,1051200,6,3562,1,3,3,3,1,1,0,1,0,0,0,0,1,0,0
921,34,1,444400,4,4183,1,2,2,1,0,3,0,1,0,0,0,0,1,0,0
922,28,1,215400,0,1817,1,3,3,2,1,1,0,1,0,0,0,0,1,0,0
923,44,4,1919000,1,9180,1,1,2,0,0,1,0,1,0,0,1,0,0,0,0
924,34,1,449000,4,3700,1,2,2,1,2,3,1,0,0,0,1,0,0,0,0
925,35,6,350600,0,1202,1,0,2,2,2,2,0,1,0,0,1,0,0,0,0
926,42,7,237200,6,624,1,3,1,1,2,2,0,1,0,0,0,0,1,0,0
927,43,4,1023100,3,7887,1,3,3,3,1,3,0,0,1,0,0,1,0,0,0
928,36,2,541000,9,6202,1,3,2,1,1,2,0,1,0,0,1,0,0,0,0
929,44,1,797800,1,4017,0,2,0,3,2,2,0,1,0,0,0,0,1,0,0
930,28,2,386700,1,1082,1,2,3,3,2,2,0,1,0,0,1,0,0,0,0
931,51,6,283800,0,2832,1,1,1,2,1,1,0,1,0,0,0,0,1,0,0
932,30,9,469500,7,3253,1,1,2,2,1,2,0,1,0,0,0,0,1,0,0
933,29,7,333900,3,2650,0,2,1,2,0,2,0,1,0,0,0,0,0,0,1
934,28,1,208000,2,1209,1,2,3,0,1,1,0,1,0,0,0,0,0,0,1
935,25,1,209600,1,837,1,2,3,1,1,1,0,1,0,0,0,0,1,0,0
936,32,8,620900,1,3942,1,2,2,3,2,3,0,0,1,0,0,0,1,0,0
937,45,2,1806100,3,382,1,2,1,1,1,2,0,1,0,0,0,0,1,0,0
938,39,1,1712300,6,7129,1,3,2,1,0,2,0,1,0,0,0,0,1,0,0
939,58,2,237200,1,829,1,3,0,2,0,2,0,1,0,0,1,0,0,0,0
940,32,7,488300,1,3987,0,1,3,2,2,2,0,1,0,0,1,0,0,0,0
941,39,2,390400,0,1889,0,2,2,0,1,2,0,1,0,0,0,0,1,0,0
942,30,6,462700,0,3547,1,2,0,3,2,2,0,1,0,0,0,0,0,0,1
943,36,1,709400,3,2923,1,3,3,2,2,2,0,1,0,0,0,0,0,0,1
944,46,1,342300,6,2700,1,1,3,0,1,3,1,0,0,0,1,0,0,0,0
945,28,1,667400,0,3593,1,2,2,3,2,2,0,1,0,0,1,0,0,0,0
946,50,2,1688000,4,1313,1,2,3,0,2,2,0,1,0,0,1,0,0,0,0
947,40,2,909400,2,2158,0,3,3,1,1,2,0,0,1,0,0,1,0,0,0
948,52,5,844600,9,3185,0,2,1,1,1,1,0,0,1,0,1,0,0,0,0
949,30,1,1191600,1,3575,1,3,1,0,2,2,0,1,0,0,0,0,1,0,0
950,39,1,453400,0,3039,1,1,0,2,1,2,0,1,0,0,1,0,0,0,0
951,31,2,985200,1,3897,1,3,3,2,0,1,0,0,1,0,1,0,0,0,0
952,41,1,615100,1,7032,1,1,2,1,1,2,0,0,1,0,0,0,1,0,0
953,31,1,230200,1,1389,0,2,3,1,1,3,0,0,1,0,1,0,0,0,0
954,44,3,236200,4,1262,0,2,0,0,2,3,0,1,0,0,1,0,0,0,0
955,42,2,1786100,0,7478,1,0,2,2,2,1,0,1,0,0,1,0,0,0,0
956,55,2,1918700,4,7330,1,1,3,2,2,2,0,1,0,0,0,0,1,0,0
957,56,8,1971700,6,2627,1,3,3,1,1,2,1,0,0,0,1,0,0,0,0
958,40,1,354400,9,1649,1,1,2,2,0,2,0,1,0,0,1,0,0,0,0
959,34,9,850000,0,3626,1,2,3,3,0,1,0,1,0,0,1,0,0,0,0
960,40,2,466100,1,3420,1,2,2,3,1,2,0,1,0,0,1,0,0,0,0
961,41,1,410300,0,3537,1,2,2,0,0,2,0,0,1,0,0,1,0,0,0
962,35,4,424900,1,3666,1,3,2,2,1,2,0,1,0,0,1,0,0,0,0
963,51,5,1402600,1,12413,1,2,2,1,0,2,1,0,0,0,1,0,0,0,0
964,38,2,689300,3,2814,1,1,1,0,0,2,0,0,1,0,1,0,0,0,0
965,34,1,612500,1,3998,1,1,2,0,1,3,0,0,1,0,0,0,1,0,0
966,25,1,366900,3,1171,1,0,3,3,2,1,0,1,0,0,0,0,1,0,0
967,58,7,1000800,7,3807,0,3,2,0,2,1,0,1,0,0,0,0,1,0,0
968,40,1,238700,3,1782,1,3,1,1,2,2,0,1,0,0,1,0,0,0,0
969,36,7,463900,2,5728,1,2,0,0,2,1,0,0,1,0,0,1,0,0,0
970,48,4,789800,1,3847,1,2,3,3,1,2,0,1,0,0,1,0,0,0,0
971,27,1,253400,8,714,1,2,2,3,2,2,0,0,1,0,0,0,1,0,0
972,51,1,1314200,3,2016,1,1,3,1,1,1,0,1,0,0,0,0,0,0,1
973,18,1,161100,1,104,1,2,3,3,1,3,0,1,0,0,1,0,0,0,0
974,35,1,536300,0,3432,1,2,3,3,2,2,0,1,0,0,0,0,1,0,0
975,27,2,507100,3,2362,1,0,3,3,1,2,0,0,1,0,1,0,0,0,0
976,55,1,1369500,6,7134,0,3,0,2,1,1,0,0,1,0,0,1,0,0,0
977,56,2,1340200,4,7022,1,2,3,1,2,2,0,1,0,0,1,0,0,0,0
978,34,2,202900,1,2201,1,0,0,2,0,2,0,1,0,0,0,0,0,0,1
979,40,2,637700,5,4704,1,0,1,2,0,2,0,1,0,0,0,0,1,0,0
980,34,2,542900,4,3202,1,2,1,2,2,2,0,1,0,0,0,0,1,0,0
981,31,2,278500,7,739,0,2,2,3,1,3,0,0,1,0,1,0,0,0,0
982,35,1,461400,0,1506,0,3,3,2,2,1,0,0,1,0,0,1,0,0,0
983,38,7,261000,1,1805,1,2,3,2,0,2,0,1,0,0,1,0,0,0,0
984,34,2,668700,1,5439,1,3,2,3,1,3,0,1,0,0,0,0,0,0,1
985,28,2,472400,1,2097,1,2,2,0,2,2,0,0,1,0,1,0,0,0,0
986,31,2,617900,1,4021,0,3,3,2,2,1,0,1,0,0,0,0,1,0,0
987,39,2,612000,3,2218,1,3,0,3,2,3,0,0,1,0,1,0,0,0,0
988,51,2,1059600,2,1556,1,2,1,1,2,2,0,0,1,0,0,1,0,0,0
989,41,2,546700,3,2542,1,2,3,3,0,1,0,1,0,0,1,0,0,0,0
990,37,4,299600,7,2512,1,0,2,2,2,2,0,1,0,0,1,0,0,0,0
991,33,5,999800,6,1932,1,0,1,3,2,3,0,0,1,0,1,0,0,0,0
992,32,2,407800,0,1310,1,0,2,1,2,1,0,0,1,0,0,1,0,0,0
993,39,2,1092000,3,2455,1,1,2,2,2,2,0,1,0,0,1,0,0,0,0
994,25,1,623200,2,1473,1,0,0,2,2,1,0,0,1,0,1,0,0,0,0
995,52,2,1324700,2,1974,1,1,3,2,2,1,0,1,0,0,0,0,1,0,0
996,43,6,408100,1,7513,1,2,0,2,1,0,0,1,0,0,0,0,1,0,0
997,27,1,576900,1,2512,1,2,3,3,2,2,0,0,1,0,0,1,0,0,0
998,27,1,239400,1,3043,0,3,3,2,1,2,0,1,0,0,1,0,0,0,0
999,26,2,390400,0,1739,1,0,0,3,1,2,0,1,0,0,0,0,1,0,0
1000,42,1,1679900,0,7371,1,2,2,0,2,2,1,0,0,1,0,0,0,0,0
1001,52,8,295000,9,2041,1,3,2,0,2,0,0,1,0,0,0,0,0,1,0
1002,37,1,362900,4,1423,1,2,0,2,1,2,0,1,0,0,0,0,1,0,0
1003,35,1,936200,2,957,1,1,2,3,1,2,0,1,0,0,1,0,0,0,0
1004,25,1,322900,4,1292,1,2,0,3,2,1,0,1,0,0,0,0,0,0,1
1005,26,7,357800,0,2712,1,2,2,0,1,2,0,1,0,0,0,0,0,1,0
1006,29,1,798800,1,3943,1,2,1,0,1,1,1,0,0,0,0,0,0,1,0
1007,49,2,428400,3,1539,0,1,0,0,1,2,0,1,0,0,1,0,0,0,0
1008,29,1,755300,0,3151,0,0,2,3,1,2,0,1,0,0,0,0,0,1,0
1009,54,1,1732800,6,7551,1,2,3,3,1,1,0,1,0,0,0,0,1,0,0
1010,58,1,1970100,3,3448,1,2,3,0,2,2,0,1,0,0,0,0,1,0,0
1011,55,1,1473200,2,2587,1,3,1,3,0,3,0,1,0,0,0,0,1,0,0
1012,36,3,927800,3,2196,1,3,0,1,1,2,0,0,1,0,0,1,0,0,0
1013,31,1,135900,1,567,0,3,1,2,1,2,0,0,1,0,1,0,0,0,0
1014,30,7,477900,7,1214,1,3,3,0,0,2,0,0,1,0,0,1,0,0,0
1015,31,8,1642200,3,1364,1,4,0,1,1,3,0,1,0,0,1,0,0,0,0
1016,34,1,299600,5,1768,1,3,3,0,0,2,0,1,0,0,0,0,0,1,0
1017,31,8,126100,1,572,0,2,0,1,1,3,0,1,0,0,1,0,0,0,0
1018,27,1,209900,0,2167,1,0,1,0,2,3,0,1,0,0,1,0,0,0,0
1019,36,4,581000,1,3901,1,3,0,3,1,1,0,1,0,0,1,0,0,0,0
1020,36,1,564700,4,1456,1,3,2,0,2,1,0,0,1,0,0,1,0,0,0
1021,47,1,342000,7,2304,1,2,0,3,2,1,0,1,0,0,0,0,0,0,1
1022,25,9,440000,3,1463,0,1,0,0,2,2,0,0,1,0,1,0,0,0,0
1023,37,5,350000,0,2480,1,1,2,2,1,0,0,1,0,0,0,0,0,0,1
1024,56,1,206600,2,1403,1,1,0,0,2,3,0,1,0,0,1,0,0,0,0
1025,47,2,1716900,3,7345,1,3,0,2,2,3,0,1,0,0,0,0,1,0,0
1026,24,4,416200,1,2106,1,0,3,2,2,2,0,0,1,0,0,0,1,0,0
1027,32,7,920400,4,1494,1,4,3,3,2,1,0,0,1,0,0,1,0,0,0
1028,34,1,329400,5,2218,1,2,3,1,2,1,0,1,0,0,1,0,0,0,0
1029,41,5,212700,2,1732,1,4,1,2,2,1,0,1,0,0,0,0,1,0,0
1030,40,9,397500,3,3027,1,3,2,2,0,3,0,1,0,0,0,0,0,1,0
1031,31,8,1079300,1,4834,1,1,0,3,0,2,0,0,1,0,1,0,0,0,0
1032,46,9,1009600,4,2834,0,2,0,3,0,3,0,0,1,0,0,1,0,0,0
1033,39,2,364600,2,672,0,2,0,0,1,3,0,1,0,0,1,0,0,0,0
1034,31,1,744600,1,3732,0,4,2,1,1,2,0,1,0,0,1,0,0,0,0
1035,45,2,1085100,2,2613,1,2,1,0,0,2,0,1,0,0,0,0,1,0,0
1036,31,8,210900,9,1183,1,1,3,1,1,2,1,0,0,0,0,0,1,0,0
1037,31,2,372200,6,910,0,2,1,3,2,0,0,1,0,0,1,0,0,0,0
1038,45,2,938000,4,1419,1,2,1,3,2,3,0,1,0,0,0,0,0,0,1
1039,48,7,548600,4,834,1,2,2,0,0,2,0,0,1,0,0,1,0,0,0
1040,34,9,274200,1,939,0,3,0,2,2,2,1,0,0,0,0,0,0,0,1
1041,40,8,1375700,2,3402,1,0,3,1,0,2,0,1,0,0,0,0,1,0,0
1042,28,5,846300,0,2132,1,2,3,0,1,2,0,0,1,0,0,0,1,0,0
1043,44,5,316200,3,2089,1,2,2,2,1,2,0,1,0,0,1,0,0,0,0
1044,53,2,1659800,4,3374,1,2,3,1,1,1,0,1,0,0,0,0,1,0,0
1045,49,5,665100,2,1450,1,3,0,2,2,1,0,1,0,0,0,0,0,0,1
1046,40,2,234500,2,1367,1,2,2,2,0,3,0,1,0,0,0,0,1,0,0
1047,44,2,342000,1,2062,1,2,3,1,1,1,0,1,0,0,1,0,0,0,0
1048,33,7,437300,0,1686,1,2,3,0,2,2,0,0,1,0,0,0,1,0,0
1049,34,3,475900,3,4832,1,2,3,0,1,2,0,0,1,0,0,0,0,1,0
1050,30,1,530100,8,839,1,0,3,2,2,1,0,0,1,0,1,0,0,0,0
1051,42,9,367300,1,4698,1,1,0,3,1,2,0,1,0,0,0,0,1,0,0
1052,44,1,476800,7,421,1,4,0,2,2,1,0,0,1,0,0,1,0,0,0
1053,30,7,127400,1,677,1,2,2,2,0,1,0,1,0,0,0,0,0,0,1
1054,57,1,490000,0,4599,1,1,1,2,2,1,0,1,0,0,1,0,0,0,0
1055,49,7,1046600,3,3139,1,3,2,1,0,2,0,1,0,0,1,0,0,0,0
1056,34,1,1700700,7,5277,1,2,1,0,0,1,0,1,0,0,0,0,1,0,0
1057,28,1,290900,3,1312,0,2,0,2,2,3,0,0,1,0,0,0,0,0,1
1058,29,1,576500,5,2090,0,2,0,1,1,0,0,0,1,0,0,0,0,0,1
1059,34,2,459900,0,5683,0,3,0,1,1,3,0,0,1,0,0,0,1,0,0
1060,35,7,240400,1,440,1,0,3,2,2,2,0,0,1,0,1,0,0,0,0
1061,24,9,317200,2,376,0,2,1,0,1,1,0,1,0,0,0,0,1,0,0
1062,24,1,203300,1,696,1,1,3,1,2,2,0,0,1,0,1,0,0,0,0
1063,44,2,1020900,5,1048,1,0,1,2,1,1,0,1,0,0,0,0,1,0,0
1064,29,1,862000,1,3867,1,2,2,2,0,2,0,0,1,0,1,0,0,0,0
1065,30,1,206400,0,2093,1,2,2,2,0,3,1,0,0,0,1,0,0,0,0
1066,55,4,403500,0,1176,1,3,3,2,2,2,0,1,0,0,1,0,0,0,0
1067,33,4,383800,8,2085,1,3,0,1,2,2,0,1,0,0,0,0,1,0,0
1068,47,1,459100,3,2110,1,2,2,2,2,1,0,0,1,0,0,0,1,0,0
1069,28,2,256100,7,308,0,1,2,0,1,1,0,1,0,0,0,0,1,0,0
1070,28,1,156300,1,549,1,2,0,2,0,0,0,1,0,0,1,0,0,0,0
1071,28,7,489800,0,1554,1,2,2,0,1,2,0,0,1,0,1,0,0,0,0
1072,49,3,478900,4,1319,1,1,2,0,2,2,0,1,0,0,0,0,1,0,0
1073,29,2,318000,0,1258,1,0,3,1,2,2,0,1,0,0,1,0,0,0,0
1074,28,2,654900,1,3255,1,0,2,1,2,1,0,1,0,0,1,0,0,0,0
1075,33,8,638800,2,321,1,4,3,2,1,2,0,1,0,0,1,0,0,0,0
1076,32,1,1124400,2,2063,1,2,2,3,1,3,0,1,0,0,0,0,1,0,0
1077,54,1,1603200,3,5369,1,3,1,3,0,2,0,1,0,0,0,0,1,0,0
1078,29,1,236200,6,3404,0,3,0,0,1,0,0,1,0,0,0,0,0,0,1
1079,44,2,1632800,3,7678,1,2,3,0,2,3,0,1,0,0,1,0,0,0,0
1080,39,6,837600,4,1044,1,2,1,1,1,2,0,1,0,0,1,0,0,0,0
1081,46,3,1660600,8,4968,1,2,2,1,2,3,0,0,1,0,1,0,0,0,0
1082,35,1,860600,1,4265,1,2,3,1,1,0,0,1,0,0,1,0,0,0,0
1083,23,2,227200,0,1603,1,0,0,2,1,2,0,1,0,0,1,0,0,0,0
1084,40,9,201800,3,1926,0,3,3,0,1,0,0,1,0,0,1,0,0,0,0
1085,34,1,708300,1,3723,1,2,3,2,2,2,0,0,1,0,0,0,0,0,1
1086,31,3,408400,1,2716,0,2,3,2,1,0,0,1,0,0,1,0,0,0,0
1087,50,2,1441100,1,11772,1,4,2,3,1,2,0,1,0,0,0,0,1,0,0
1088,34,7,230800,0,4128,1,1,1,2,2,2,0,0,1,0,0,0,0,0,1
1089,42,2,484100,4,570,1,2,2,1,2,2,0,1,0,0,0,0,1,0,0
1090,37,1,428500,1,3808,1,2,0,3,2,2,0,1,0,0,0,0,1,0,0
1091,29,8,971500,3,2863,1,0,2,0,2,2,0,1,0,0,0,0,0,1,0
1092,33,2,432000,1,2212,1,2,3,1,1,2,0,1,0,0,1,0,0,0,0
1093,45,2,213200,4,2201,1,2,3,3,2,2,0,1,0,0,0,0,0,0,1
1094,42,2,1012400,2,7426,1,2,3,3,2,0,0,1,0,0,1,0,0,0,0
1095,40,9,547300,0,3183,1,1,0,0,2,3,0,0,1,0,0,0,1,0,0
1096,33,2,520700,1,5513,1,3,1,2,2,2,0,1,0,0,1,0,0,0,0
1097,40,6,1643700,1,7751,1,1,2,3,1,2,1,0,0,0,0,0,1,0,0
1098,24,2,229600,0,615,1,1,2,0,0,2,0,1,0,0,0,0,0,0,1
1099,40,8,406900,3,935,1,1,3,3,0,2,0,1,0,0,1,0,0,0,0
1100,45,1,744100,1,3722,1,3,0,1,0,2,0,1,0,0,0,0,0,0,1
1101,35,2,243000,0,1883,1,3,1,2,2,2,0,0,1,0,1,0,0,0,0
1102,32,5,587800,3,2871,1,1,3,1,2,2,0,1,0,0,1,0,0,0,0
1103,36,2,264400,3,1447,1,3,2,3,1,1,0,0,1,0,1,0,0,0,0
1104,48,1,643900,8,3079,1,3,2,2,0,2,0,0,1,0,1,0,0,0,0
1105,29,9,245100,6,556,1,2,2,2,2,1,0,1,0,0,1,0,0,0,0
1106,33,8,639200,2,969,1,3,0,0,2,0,0,0,1,0,1,0,0,0,0
1107,30,1,971400,1,3989,0,2,1,0,2,2,0,0,1,0,1,0,0,0,0
1108,38,1,607700,3,2451,1,3,2,2,2,2,1,0,0,1,0,0,0,0,0
1109,35,1,245000,1,1438,1,2,3,0,1,2,0,1,0,0,0,0,1,0,0
1110,30,2,925000,3,1510,1,3,2,1,2,2,0,0,1,0,0,0,0,0,1
1111,35,2,207400,1,479,0,2,0,0,0,2,0,1,0,0,1,0,0,0,0
1112,53,2,1016900,0,12207,0,4,2,3,2,2,0,1,0,0,0,0,0,0,1
1113,38,2,485500,4,1948,0,2,2,1,2,2,0,1,0,0,0,0,1,0,0
1114,32,1,408700,4,2322,1,3,3,0,2,1,0,1,0,0,0,0,0,0,1
1115,48,1,236700,8,3275,1,3,2,0,2,1,0,1,0,0,0,0,0,1,0
1116,34,7,297200,1,529,1,3,0,3,1,0,0,1,0,0,0,0,1,0,0
1117,55,2,1958600,1,13487,1,4,2,3,2,2,0,0,1,0,0,1,0,0,0
1118,34,1,548400,9,1091,1,3,1,3,2,1,0,1,0,0,1,0,0,0,0
1119,26,3,206100,1,401,1,2,0,3,2,2,0,1,0,0,1,0,0,0,0
1120,38,1,992400,0,3640,1,2,2,1,2,2,0,0,1,0,1,0,0,0,0
1121,38,1,419800,2,1270,1,2,1,1,1,3,0,0,1,0,1,0,0,0,0
1122,36,1,681500,6,633,1,3,1,2,1,2,0,0,1,0,1,0,0,0,0
1123,29,3,472300,1,3708,1,0,1,0,1,2,0,1,0,0,0,0,1,0,0
1124,35,1,614200,3,2080,1,3,0,2,1,2,0,1,0,0,0,0,1,0,0
1125,39,6,823700,2,2748,1,2,3,2,2,2,0,0,1,0,0,0,1,0,0
1126,29,2,885300,1,2262,1,0,0,3,0,3,0,1,0,0,1,0,0,0,0
1127,50,9,1933100,4,447,1,2,2,2,2,2,0,0,1,0,0,1,0,0,0
1128,23,1,207300,2,769,1,2,3,2,2,2,0,1,0,0,0,0,0,0,1
1129,36,6,556200,3,1377,1,3,0,0,2,2,0,1,0,0,1,0,0,0,0
1130,42,9,1961300,8,542,1,1,3,3,1,2,0,1,0,0,0,0,0,1,0
1131,35,2,340700,1,3830,1,2,1,2,2,1,0,1,0,0,1,0,0,0,0
1132,34,1,506300,1,3126,1,3,3,2,2,1,0,1,0,0,0,0,0,0,1
1133,40,1,463900,1,2163,1,1,3,0,2,2,0,0,1,0,1,0,0,0,0
1134,43,2,487600,5,2431,1,2,3,1,0,2,0,1,0,0,0,0,0,0,1
1135,35,7,269000,1,705,1,1,2,3,2,1,0,1,0,0,1,0,0,0,0
1136,46,1,1756700,1,9861,1,3,3,0,1,0,0,0,1,0,1,0,0,0,0
1137,28,2,240800,1,559,0,2,2,1,2,2,0,1,0,0,0,0,1,0,0
1138,22,2,281400,1,1671,1,1,1,2,2,1,0,1,0,0,0,0,0,1,0
1139,50,2,1124500,2,11210,1,4,1,2,2,2,0,1,0,0,0,0,1,0,0
1140,32,5,331200,3,1482,1,3,1,3,2,2,0,1,0,0,0,0,0,1,0
1141,44,7,1904900,0,8270,1,2,1,3,0,1,0,1,0,0,0,0,1,0,0
1142,30,7,214100,1,2417,1,2,1,1,2,1,0,1,0,0,0,0,1,0,0
1143,45,5,576900,1,3942,1,4,2,0,1,2,0,1,0,0,0,0,1,0,0
1144,45,2,438500,1,3971,1,2,0,0,2,2,0,0,1,0,0,1,0,0,0
1145,31,2,533200,7,1874,1,3,3,0,1,2,0,0,1,0,0,0,0,1,0
1146,36,1,466300,9,1149,1,3,2,2,2,2,0,1,0,0,1,0,0,0,0
1147,34,1,472400,1,3440,1,3,2,3,0,2,0,1,0,0,1,0,0,0,0
1148,49,2,321100,1,3550,1,3,2,0,2,1,0,1,0,0,1,0,0,0,0
1149,39,1,537700,2,2602,1,4,1,0,2,2,0,1,0,0,0,0,1,0,0
1150,27,1,406600,1,2893,1,2,3,0,0,2,0,1,0,0,0,0,0,1,0
1151,35,1,520800,1,6126,1,4,1,0,2,2,0,1,0,0,1,0,0,0,0
1152,28,2,487700,0,2200,1,2,1,0,0,1,0,1,0,0,0,0,1,0,0
1153,21,5,311700,1,783,1,0,2,3,1,2,0,1,0,0,0,0,1,0,0
1154,18,3,156900,1,333,0,1,1,3,1,3,0,0,1,0,0,0,1,0,0
1155,47,2,1965800,3,2031,1,3,3,2,2,2,1,0,0,0,1,0,0,0,0
1156,39,3,306900,0,3705,1,1,2,2,0,2,0,1,0,0,0,0,1,0,0
1157,40,1,1043500,1,6845,1,2,0,2,2,2,0,1,0,0,1,0,0,0,0
1158,35,8,414800,1,5486,1,3,2,2,2,2,0,1,0,0,1,0,0,0,0
1159,37,1,576800,3,1576,1,2,2,2,2,1,0,1,0,0,1,0,0,0,0
1160,39,4,504200,0,3389,1,2,0,2,1,0,0,1,0,0,0,0,1,0,0
1161,45,2,577000,1,3994,1,1,3,3,0,2,0,1,0,0,0,0,0,1,0
1162,38,2,775600,3,1964,1,1,3,2,2,3,0,1,0,0,0,0,1,0,0
1163,35,1,1030600,9,4986,0,2,3,0,2,2,0,0,1,0,0,0,1,0,0
1164,37,1,393600,1,3126,1,2,1,1,2,0,0,1,0,0,0,0,1,0,0
1165,40,1,794500,6,1532,1,2,2,3,1,1,0,1,0,0,1,0,0,0,0
1166,44,1,574300,4,3854,1,4,0,3,2,2,1,0,0,1,0,0,0,0,0
1167,48,4,1520200,2,1069,1,4,2,3,2,2,0,1,0,0,0,0,1,0,0
1168,35,1,544000,6,1057,0,1,0,3,0,1,0,0,1,0,0,0,1,0,0
1169,24,2,376000,1,2573,1,0,0,3,1,2,0,1,0,0,0,0,0,0,1
1170,27,8,351700,7,1137,1,2,1,2,2,2,0,1,0,0,0,0,1,0,0
1171,27,2,258000,2,1676,1,2,3,3,1,1,0,1,0,0,0,0,1,0,0
1172,40,7,216600,3,1730,0,2,0,0,1,0,0,1,0,0,1,0,0,0,0
1173,29,1,586900,9,2115,1,2,2,2,1,2,0,0,1,0,0,0,1,0,0
1174,36,5,800800,4,1411,1,3,1,0,2,2,0,1,0,0,1,0,0,0,0
1175,25,2,520600,1,2927,1,0,3,2,0,2,0,1,0,0,1,0,0,0,0
1176,39,1,529500,4,1874,1,2,3,1,2,2,0,1,0,0,0,0,1,0,0
1177,49,2,1641300,3,1739,1,3,0,1,2,2,0,1,0,0,0,0,0,1,0
1178,50,1,1326900,5,5415,1,4,3,0,0,2,0,1,0,0,1,0,0,0,0
1179,20,2,278300,1,1116,1,2,2,2,1,2,0,0,1,0,0,0,1,0,0
1180,34,3,543300,1,4186,1,2,3,1,0,2,0,1,0,0,1,0,0,0,0
1181,36,7,201300,2,1805,1,2,0,1,1,2,0,1,0,0,1,0,0,0,0
1182,49,6,1396600,2,5668,1,0,2,2,2,2,0,1,0,0,1,0,0,0,0
1183,36,1,437400,0,1402,1,3,3,2,2,2,0,1,0,0,0,0,1,0,0
1184,36,3,684200,6,1866,1,1,3,0,0,2,0,1,0,0,1,0,0,0,0
1185,54,2,1742600,3,3846,1,4,1,2,2,2,0,1,0,0,0,0,1,0,0
1186,43,1,1760300,1,5145,1,1,2,2,2,2,0,1,0,0,1,0,0,0,0
1187,35,1,458100,3,4406,0,3,3,3,1,3,0,0,1,0,0,0,0,1,0
1188,38,1,473500,7,5130,1,2,3,3,2,3,0,1,0,0,1,0,0,0,0
1189,29,5,418700,1,4009,1,2,0,1,0,1,0,0,1,0,0,0,1,0,0
1190,33,2,550500,1,2519,1,3,3,3,0,2,0,0,1,0,0,0,1,0,0
1191,32,2,547000,0,3544,1,2,3,1,0,1,0,1,0,0,0,0,1,0,0
1192,31,5,547600,1,3688,1,3,0,3,2,2,0,0,1,0,1,0,0,0,0
1193,49,1,258700,4,827,1,2,3,0,0,1,0,1,0,0,0,0,1,0,0
1194,38,2,244000,1,1805,1,2,3,1,1,2,0,1,0,0,0,0,1,0,0
1195,47,2,1597200,6,1429,1,3,1,1,0,2,0,0,1,0,1,0,0,0,0
1196,49,1,1537900,4,3083,1,2,2,2,1,2,0,1,0,0,1,0,0,0,0
1197,41,2,708200,3,831,1,1,3,2,1,2,0,0,1,0,1,0,0,0,0
1198,20,9,272800,1,989,1,0,3,0,1,2,0,0,1,0,1,0,0,0,0
1199,33,1,536800,1,2556,1,2,2,3,0,2,0,0,1,0,1,0,0,0,0
1200,36,2,534700,6,1374,1,3,0,2,2,1,0,1,0,0,1,0,0,0,0
1201,44,1,319500,4,954,1,2,2,3,0,2,1,0,0,0,1,0,0,0,0
1202,23,8,398900,1,1924,0,0,3,2,1,2,0,1,0,0,0,0,1,0,0
1203,38,4,330600,7,75,1,1,3,2,2,1,0,1,0,0,0,0,1,0,0
1204,53,2,700500,3,1656,1,3,1,3,2,2,0,1,0,0,0,0,1,0,0
1205,48,7,265500,2,3494,0,1,3,2,2,2,0,0,1,0,0,0,1,0,0
1206,32,2,139300,1,452,0,3,3,1,1,2,0,1,0,0,1,0,0,0,0
1207,26,7,257000,1,2727,1,2,3,3,1,2,0,1,0,0,0,0,1,0,0
1208,55,2,353700,5,1544,1,2,0,1,0,2,0,1,0,0,0,0,0,0,1
1209,34,5,398600,1,5735,1,1,1,3,2,3,0,1,0,0,0,0,1,0,0
1210,60,1,1088300,3,656,1,3,2,3,0,3,0,1,0,0,0,0,1,0,0
1211,33,2,202800,1,5226,1,2,1,1,2,2,0,1,0,0,0,0,1,0,0
1212,37,1,952500,1,2385,1,3,2,3,0,1,0,0,1,0,0,0,1,0,0
1213,34,1,292900,1,3814,1,2,1,3,2,2,0,1,0,0,1,0,0,0,0
1214,23,7,227500,1,1350,0,2,2,3,0,2,0,0,1,0,1,0,0,0,0
1215,44,2,787900,1,3271,1,2,2,3,2,2,0,1,0,0,1,0,0,0,0
1216,35,2,493000,0,1953,1,3,0,3,1,3,0,1,0,0,0,0,1,0,0
1217,43,2,784700,1,3748,1,2,3,3,2,2,0,0,1,0,0,0,1,0,0
1218,24,9,440100,1,2179,1,2,2,2,2,2,0,1,0,0,0,0,1,0,0
1219,41,6,924100,1,3726,1,2,3,2,1,2,0,0,1,0,0,1,0,0,0
1220,29,9,297400,9,1861,1,3,3,2,2,2,0,1,0,0,0,0,1,0,0
1221,36,2,450200,3,5125,1,3,2,3,1,1,0,0,1,0,1,0,0,0,0
1222,45,1,1074800,3,8725,1,0,2,2,2,1,0,1,0,0,1,0,0,0,0
1223,24,2,155500,1,604,0,0,3,2,2,2,1,0,0,1,0,0,0,0,0
1224,47,9,1293600,7,8472,0,2,2,2,2,0,0,0,1,0,1,0,0,0,0
1225,26,1,230500,1,1297,1,3,3,2,2,3,0,1,0,0,0,0,1,0,0
1226,45,2,1670400,1,7800,1,1,3,1,1,2,0,1,0,0,0,0,0,0,1
1227,32,1,343300,6,2092,1,2,0,2,2,1,0,1,0,0,1,0,0,0,0
1228,31,2,347700,1,2047,1,3,1,2,2,3,0,1,0,0,1,0,0,0,0
1229,41,4,643000,6,1211,1,2,2,1,2,2,1,0,0,1,0,0,0,0,0
1230,40,8,651600,2,568,1,1,1,0,2,2,0,1,0,0,1,0,0,0,0
1231,24,2,390700,1,2487,1,0,1,0,0,3,0,1,0,0,0,0,1,0,0
1232,46,1,556200,6,3734,1,3,2,1,1,2,0,1,0,0,1,0,0,0,0
1233,35,2,688300,2,2945,1,3,3,2,2,2,0,1,0,0,1,0,0,0,0
1234,30,1,286200,1,3891,1,0,1,3,2,1,0,1,0,0,1,0,0,0,0
1235,47,2,497800,7,572,1,3,2,1,2,0,0,0,1,0,0,1,0,0,0
1236,46,2,1036800,4,3913,1,2,2,3,0,1,0,0,1,0,1,0,0,0,0
1237,36,1,613400,5,933,0,4,1,0,0,2,0,0,1,0,0,1,0,0,0
1238,32,1,673500,6,192,0,1,0,1,1,2,0,0,1,0,1,0,0,0,0
1239,23,4,329500,1,1472,1,0,2,1,1,0,0,1,0,0,0,0,1,0,0
1240,31,2,523800,2,1930,1,0,3,3,1,1,0,1,0,0,0,0,0,0,1
1241,39,1,647200,1,3411,1,2,3,3,2,2,0,1,0,0,1,0,0,0,0
1242,32,1,961000,3,1695,1,2,3,2,2,0,0,0,1,0,1,0,0,0,0
1243,40,7,1983300,1,7815,1,3,1,1,1,1,0,0,1,0,0,0,1,0,0
1244,45,4,975600,4,2035,1,2,2,2,2,3,1,0,0,0,1,0,0,0,0
1245,30,2,496800,0,3466,1,3,3,0,1,2,0,1,0,0,0,0,0,0,1
1246,24,1,214500,0,841,1,2,0,3,2,2,1,0,0,0,0,0,1,0,0
1247,30,8,218000,6,1617,0,2,2,3,0,1,1,0,0,1,0,0,0,0,0
1248,31,5,834600,1,2027,1,2,0,2,2,2,0,0,1,0,0,0,0,0,1
1249,27,8,344500,1,2354,1,2,2,3,1,1,0,1,0,0,0,0,1,0,0
1250,29,9,276000,1,1052,0,2,1,1,1,2,0,0,1,0,0,1,0,0,0
1251,29,1,629400,8,1482,1,2,3,2,1,3,0,1,0,0,1,0,0,0,0
1252,30,1,714000,2,2895,1,1,2,0,0,2,0,0,1,0,0,1,0,0,0
1253,34,2,293200,0,1933,1,3,3,3,2,2,0,1,0,0,0,0,1,0,0
1254,33,2,514700,8,4068,1,2,3,1,1,1,0,0,1,0,0,1,0,0,0
1255,49,1,450700,3,1886,1,3,3,3,1,3,0,0,1,0,0,1,0,0,0
1256,33,1,856400,2,274,0,2,0,0,1,1,0,0,1,0,1,0,0,0,0
1257,38,2,246800,4,2400,1,1,2,1,2,1,0,1,0,0,0,0,1,0,0
1258,31,1,816100,2,725,0,3,0,2,2,2,0,0,1,0,0,1,0,0,0
1259,29,4,210900,1,399,1,2,3,0,0,2,0,1,0,0,0,0,0,0,1
1260,30,1,529400,3,2917,1,2,2,2,2,2,0,1,0,0,1,0,0,0,0
1261,32,5,271800,2,2817,1,3,1,1,1,2,0,1,0,0,0,0,0,0,1
1262,38,1,581100,3,458,1,2,1,3,2,2,0,1,0,0,0,0,1,0,0
1263,43,1,243700,9,748,0,2,2,2,2,2,0,1,0,0,0,0,0,0,1
1264,42,1,276600,8,1941,1,2,1,1,0,1,0,1,0,0,0,0,1,0,0
1265,55,2,1903800,8,460,1,2,2,0,2,2,0,1,0,0,0,0,1,0,0
1266,33,4,305500,5,3660,1,2,3,1,0,1,0,1,0,0,0,0,0,0,1
1267,41,9,228900,1,2094,1,3,2,0,0,2,0,1,0,0,1,0,0,0,0
1268,34,1,400100,1,5693,1,2,3,2,0,2,0,0,1,0,1,0,0,0,0
1269,53,1,1296500,4,1225,1,3,0,2,2,1,0,1,0,0,0,0,1,0,0
1270,43,2,353900,0,3370,1,2,1,3,1,2,1,0,0,0,1,0,0,0,0
1271,34,3,602900,5,836,1,1,3,3,1,2,0,0,1,0,1,0,0,0,0
1272,21,7,267900,1,510,0,0,1,1,1,2,0,0,1,0,0,1,0,0,0
1273,38,6,370200,1,2004,1,1,3,2,2,2,0,1,0,0,0,0,0,1,0
1274,22,8,239800,1,556,0,0,2,0,2,2,0,1,0,0,0,0,1,0,0
1275,31,2,546800,1,4453,1,3,0,3,2,2,0,0,1,0,0,1,0,0,0
1276,51,3,1311600,2,1072,1,2,0,2,2,2,0,1,0,0,0,0,0,0,1
1277,37,9,418900,1,2198,1,1,1,1,2,2,0,0,1,0,0,1,0,0,0
1278,46,2,1932800,7,791,1,3,2,3,0,2,0,1,0,0,0,0,1,0,0
1279,36,1,832100,7,4734,1,2,3,0,2,2,0,1,0,0,1,0,0,0,0
1280,44,1,234200,1,1933,0,1,2,1,0,1,0,1,0,0,0,0,1,0,0
1281,37,8,407100,2,4042,1,1,2,1,0,1,1,0,0,0,0,0,0,1,0
1282,35,2,581300,1,3967,0,2,2,3,1,2,0,0,1,0,1,0,0,0,0
1283,33,8,314300,6,3907,1,3,3,0,2,2,0,1,0,0,1,0,0,0,0
1284,28,1,204400,1,2186,1,2,2,3,2,3,0,1,0,0,1,0,0,0,0
1285,39,1,1346400,7,1813,1,0,2,2,1,2,0,1,0,0,0,0,1,0,0
1286,46,2,799100,8,900,1,1,1,1,1,2,0,0,1,0,1,0,0,0,0
1287,40,2,337700,4,1677,1,1,2,0,2,1,0,1,0,0,1,0,0,0,0
1288,42,1,553800,5,108,1,2,1,0,2,1,0,1,0,0,0,0,1,0,0
1289,35,2,576200,2,2928,1,1,1,3,0,2,0,1,0,0,0,0,1,0,0
1290,38,2,259200,5,4249,1,2,0,1,0,2,1,0,0,1,0,0,0,0,0
1291,34,9,534600,4,2748,0,3,3,0,2,1,0,1,0,0,1,0,0,0,0
1292,37,1,421300,1,4019,0,3,3,0,1,0,0,1,0,0,0,0,1,0,0
1293,39,2,412700,2,855,1,2,2,3,0,2,0,0,1,0,1,0,0,0,0
1294,43,9,243800,4,1131,1,2,0,2,1,1,0,1,0,0,1,0,0,0,0
1295,41,5,687000,3,1152,1,2,1,1,1,0,0,1,0,0,1,0,0,0,0
1296,41,4,1044700,0,8092,1,0,2,2,0,3,0,0,1,0,0,1,0,0,0
1297,30,1,966700,9,2747,1,2,0,2,1,2,0,1,0,0,0,0,1,0,0
1298,26,2,214800,0,2196,0,1,3,1,2,2,1,0,0,0,0,0,1,0,0
1299,46,2,892600,4,3404,0,1,3,1,2,3,0,1,0,0,0,0,1,0,0
1300,40,1,651300,4,1941,1,2,2,3,0,2,0,1,0,0,1,0,0,0,0
1301,34,8,679900,1,3947,1,1,1,2,2,2,0,0,1,0,0,0,0,0,1
1302,58,2,1629100,4,5935,1,2,1,1,0,1,0,0,1,0,0,0,1,0,0
1303,35,2,270500,0,2115,1,3,1,2,2,3,0,1,0,0,0,0,1,0,0
1304,47,4,1033300,8,8333,1,2,2,1,0,2,0,1,0,0,1,0,0,0,0
1305,40,1,444800,2,2926,1,2,1,0,0,2,0,1,0,0,1,0,0,0,0
1306,54,7,685400,4,2716,1,3,3,3,2,1,0,1,0,0,0,0,1,0,0
1307,31,7,963700,2,1143,1,3,0,0,2,2,0,0,1,0,0,1,0,0,0
1308,28,1,359100,1,1416,1,2,2,0,2,2,0,1,0,0,0,0,1,0,0
1309,38,2,540500,2,1835,1,3,1,3,2,1,0,0,1,0,0,1,0,0,0
1310,26,1,468400,1,1926,1,2,2,3,1,2,0,0,1,0,0,0,1,0,0
1311,58,1,1578700,2,863,1,3,0,2,2,2,0,1,0,0,1,0,0,0,0
1312,18,1,151400,1,53,1,2,1,2,1,0,0,1,0,0,0,0,1,0,0
1313,31,1,295600,0,678,0,4,3,0,2,2,1,0,0,1,0,0,0,0,0
1314,29,1,233500,4,823,0,2,0,0,0,2,1,0,0,1,0,0,0,0,0
1315,45,2,515400,4,3115,1,3,2,2,2,3,0,0,1,0,1,0,0,0,0
1316,36,2,696200,4,694,1,3,3,1,2,2,0,1,0,0,0,0,0,1,0
1317,43,2,567500,1,2816,1,3,0,3,2,2,0,0,1,0,1,0,0,0,0
1318,27,5,237900,0,2123,1,1,3,3,1,1,0,1,0,0,1,0,0,0,0
1319,29,2,381200,1,4277,1,0,3,3,2,3,0,1,0,0,0,0,1,0,0
1320,32,1,464800,8,96,1,3,3,3,1,3,0,0,1,0,0,1,0,0,0
1321,42,1,293600,3,2509,1,3,2,2,2,1,0,1,0,0,0,0,0,0,1
1322,47,9,210500,4,817,1,3,1,2,1,2,0,1,0,0,1,0,0,0,0
1323,46,2,857800,3,3449,1,1,3,3,0,1,0,1,0,0,1,0,0,0,0
1324,28,1,270600,1,1232,1,1,2,3,0,2,1,0,0,0,1,0,0,0,0
1325,29,2,638400,8,2740,1,0,3,2,0,2,0,1,0,0,1,0,0,0,0
1326,42,8,396800,4,134,1,2,3,2,1,2,0,1,0,0,1,0,0,0,0
1327,32,2,990700,7,949,0,3,2,1,1,1,0,0,1,0,0,1,0,0,0
1328,46,3,1322500,2,7003,1,2,0,0,0,2,0,0,1,0,0,0,0,0,1
1329,27,2,354000,1,3471,1,0,1,2,2,2,0,0,1,0,0,0,1,0,0
1330,29,6,280400,1,556,1,0,3,1,2,2,1,0,0,0,0,0,1,0,0
1331,43,6,1939200,7,6120,1,2,0,2,2,2,0,1,0,0,0,0,1,0,0
1332,48,1,1966500,4,8396,1,2,3,1,2,2,0,1,0,0,1,0,0,0,0
1333,29,2,243900,1,480,0,1,3,3,1,1,0,1,0,0,1,0,0,0,0
1334,46,1,731400,5,3182,0,2,2,1,2,2,0,0,1,0,1,0,0,0,0
1335,27,1,477400,0,2758,1,2,3,0,2,1,0,1,0,0,1,0,0,0,0
1336,39,1,390200,8,775,1,3,3,3,0,2,0,1,0,0,0,0,0,1,0
1337,55,2,266200,8,2097,1,3,1,3,2,3,0,1,0,0,0,0,0,0,1
1338,28,3,285600,1,475,1,2,1,1,2,2,0,0,1,0,0,0,1,0,0
1339,30,9,108100,1,444,0,2,1,3,1,1,0,0,1,0,0,0,1,0,0
1340,22,7,247200,1,544,0,0,3,1,1,2,0,1,0,0,1,0,0,0,0
1341,36,1,567300,1,3748,1,3,1,2,2,2,0,0,1,0,0,0,0,0,1
1342,31,2,419700,1,4043,1,2,1,2,0,2,0,1,0,0,1,0,0,0,0
1343,34,4,971300,2,1947,1,2,2,3,2,2,0,0,1,0,1,0,0,0,0
1344,29,7,206200,3,1379,1,2,3,0,1,2,0,1,0,0,1,0,0,0,0
1345,37,7,428400,5,2026,1,3,3,0,2,2,0,1,0,0,0,0,1,0,0
1346,35,1,478800,0,1197,1,1,3,1,2,2,0,1,0,0,0,0,0,1,0
1347,45,2,590600,0,3466,1,1,1,3,2,1,0,1,0,0,1,0,0,0,0
1348,36,2,388600,1,4029,1,0,1,3,1,1,1,0,0,1,0,0,0,0,0
1349,40,1,1682300,2,6986,1,3,0,0,0,2,0,1,0,0,1,0,0,0,0
1350,26,1,293300,1,701,1,1,1,2,2,1,0,1,0,0,1,0,0,0,0
1351,27,2,650000,0,3106,1,1,0,2,1,1,0,0,1,0,0,0,1,0,0
1352,48,2,1717400,3,8286,1,2,3,3,0,2,0,1,0,0,0,0,1,0,0
1353,44,1,503300,2,898,1,3,1,0,2,2,0,1,0,0,1,0,0,0,0
1354,34,1,230700,1,2194,0,3,3,0,2,2,0,1,0,0,0,0,0,0,1
1355,56,2,258700,1,1576,0,1,0,3,1,2,0,1,0,0,1,0,0,0,0
1356,36,1,550700,2,1523,1,1,2,1,2,0,0,0,1,0,0,1,0,0,0
1357,41,8,439300,5,1892,1,2,2,1,2,2,0,0,1,0,0,1,0,0,0
1358,42,6,1334800,9,4842,1,2,2,0,2,3,0,1,0,0,0,0,1,0,0
1359,31,1,658300,2,2158,1,1,2,3,0,2,0,0,1,0,0,0,1,0,0
1360,34,3,810300,3,1800,1,0,3,3,2,1,0,0,1,0,0,0,1,0,0
1361,31,4,397800,8,1030,1,2,0,2,0,1,0,1,0,0,0,0,1,0,0
1362,26,6,254400,0,2816,1,2,2,3,2,2,0,1,0,0,0,0,0,1,0
1363,45,1,539900,4,1574,1,3,1,2,1,2,0,1,0,0,0,0,1,0,0
1364,33,1,548700,1,3995,1,3,1,2,1,1,0,0,1,0,0,1,0,0,0
1365,28,1,683400,1,2894,1,1,2,3,2,2,0,0,1,0,1,0,0,0,0
1366,29,2,109100,1,726,0,2,2,0,1,2,0,0,1,0,0,0,0,0,1
1367,39,2,573600,6,1343,1,3,0,2,2,2,0,0,1,0,1,0,0,0,0
1368,27,2,222600,1,2048,1,3,1,1,2,1,0,1,0,0,0,0,0,0,1
1369,34,2,574700,1,5624,1,3,2,3,2,2,0,1,0,0,0,0,0,1,0
1370,28,1,985400,3,1043,0,1,3,2,1,2,0,0,1,0,0,1,0,0,0
1371,47,1,546700,8,3270,1,3,2,1,2,3,0,1,0,0,0,0,0,0,1
1372,56,1,538000,4,92,1,4,3,0,2,2,0,0,1,0,0,1,0,0,0
1373,39,9,515100,1,3970,1,1,0,0,2,2,0,1,0,0,0,0,1,0,0
1374,38,8,213300,1,7489,1,2,3,1,0,2,0,1,0,0,0,0,1,0,0
1375,58,2,1787500,4,585,1,2,3,3,2,1,0,0,1,0,1,0,0,0,0
1376,32,5,243200,3,1720,0,1,0,2,1,2,0,1,0,0,1,0,0,0,0
1377,38,9,477100,2,2109,1,1,1,3,0,3,0,1,0,0,1,0,0,0,0
1378,49,2,1916100,3,2171,1,0,1,3,2,2,0,1,0,0,1,0,0,0,0
1379,42,1,508700,3,200,1,3,1,3,0,2,0,0,1,0,0,1,0,0,0
1380,27,2,286300,1,409,0,2,0,1,2,2,1,0,0,1,0,0,0,0,0
1381,35,1,556100,0,2116,1,3,1,0,2,0,0,0,1,0,0,0,1,0,0
1382,28,1,214400,1,2029,1,2,2,2,1,1,0,1,0,0,0,0,1,0,0
1383,31,3,306500,1,1758,1,1,2,0,0,3,0,1,0,0,0,0,1,0,0
1384,36,9,281000,1,2026,1,3,0,1,2,2,0,1,0,0,1,0,0,0,0
1385,34,1,988800,1,5359,1,2,0,3,1,1,0,0,1,0,0,1,0,0,0
1386,34,1,862800,1,3089,1,3,3,2,0,1,0,0,1,0,0,0,1,0,0
1387,26,1,286700,0,2625,1,2,2,0,1,1,0,1,0,0,0,0,1,0,0
1388,29,1,537300,0,1966,1,2,0,0,2,1,0,1,0,0,1,0,0,0,0
1389,32,1,666700,5,2143,1,3,2,3,0,2,0,1,0,0,0,0,1,0,0
1390,31,1,500300,1,3897,1,2,3,0,2,2,0,1,0,0,1,0,0,0,0
1391,28,1,236700,5,1586,0,2,2,3,0,1,0,1,0,0,0,0,0,0,1
1392,38,1,285800,4,570,1,2,0,0,1,1,0,0,1,0,1,0,0,0,0
1393,35,7,520400,1,3824,1,3,2,3,2,2,0,0,1,0,1,0,0,0,0
1394,27,9,410500,1,2928,1,2,3,3,1,2,0,0,1,0,0,1,0,0,0
1395,32,5,967900,8,449,1,3,3,3,1,2,0,1,0,0,1,0,0,0,0
1396,31,2,561700,1,3702,0,3,0,3,2,2,0,0,1,0,0,1,0,0,0
1397,53,2,1044800,6,1098,0,3,0,0,1,1,0,0,1,0,1,0,0,0,0
1398,54,9,289700,3,1517,1,1,0,2,2,1,0,1,0,0,1,0,0,0,0
1399,33,7,596800,1,3411,1,1,3,2,0,2,0,1,0,0,1,0,0,0,0
1400,43,1,751000,1,3900,1,2,0,2,2,2,0,1,0,0,1,0,0,0,0
1401,38,1,299100,0,2308,1,3,3,1,2,2,1,0,0,0,0,0,0,1,0
1402,55,2,1963600,4,3879,1,3,2,1,2,2,1,0,0,1,0,0,0,0,0
1403,31,2,112900,1,442,1,0,3,3,0,2,0,1,0,0,0,0,1,0,0
1404,39,1,1334100,0,7551,1,3,1,0,1,2,0,0,1,0,0,1,0,0,0
1405,42,2,433200,1,7416,1,1,3,2,1,2,0,1,0,0,1,0,0,0,0
1406,31,1,1103100,4,4204,1,2,2,2,2,3,0,1,0,0,0,0,1,0,0
1407,54,1,444000,6,1892,1,2,2,0,1,2,0,1,0,0,0,0,1,0,0
1408,24,1,461700,1,1773,1,1,1,2,1,1,0,1,0,0,1,0,0,0,0
1409,23,1,264700,1,2203,1,1,3,3,1,3,0,1,0,0,0,0,0,1,0
1410,40,1,632300,1,3942,1,2,3,2,2,3,0,1,0,0,0,0,0,0,1
1411,40,2,567700,3,4396,1,1,1,1,2,2,0,0,1,0,0,1,0,0,0
1412,25,2,218700,4,966,1,2,2,1,2,2,1,0,0,1,0,0,0,0,0
1413,30,1,374800,1,4672,1,1,3,1,2,1,0,1,0,0,0,0,1,0,0
1414,25,2,397700,6,975,1,0,3,2,0,1,0,1,0,0,0,0,0,1,0
1415,47,2,863300,2,6486,1,2,0,2,1,2,0,1,0,0,0,0,1,0,0
1416,33,1,200800,1,532,1,1,1,2,0,1,0,1,0,0,0,0,1,0,0
1417,38,1,444000,0,5669,1,3,3,1,2,2,0,0,1,0,1,0,0,0,0
1418,31,2,306700,0,893,1,1,0,2,2,2,0,0,1,0,1,0,0,0,0
1419,38,6,532100,2,3156,1,3,0,2,2,2,0,1,0,0,1,0,0,0,0
1420,42,1,541000,6,1547,1,3,3,0,0,1,0,1,0,0,1,0,0,0,0
1421,41,1,278200,3,1856,1,2,3,3,2,2,0,1,0,0,1,0,0,0,0
1422,47,1,1195700,0,4790,1,0,2,1,2,0,0,1,0,0,0,0,1,0,0
1423,35,1,266000,7,1037,1,3,3,2,2,2,0,1,0,0,0,0,1,0,0
1424,22,1,337500,0,1318,1,1,3,2,1,3,0,1,0,0,1,0,0,0,0
1425,35,9,509800,1,3890,1,3,1,2,1,2,0,1,0,0,0,0,1,0,0
1426,33,1,487800,0,3595,1,1,1,3,2,2,0,1,0,0,0,0,1,0,0
1427,32,2,283700,1,2317,1,3,2,1,1,2,0,1,0,0,1,0,0,0,0
1428,40,1,240600,8,586,1,3,0,3,2,1,0,1,0,0,1,0,0,0,0
1429,32,1,226900,0,792,1,3,1,1,2,2,0,0,1,0,0,0,1,0,0
1430,39,2,410800,7,2700,1,0,0,3,1,2,0,1,0,0,1,0,0,0,0
1431,38,1,1320600,3,6619,1,2,1,2,2,2,0,1,0,0,0,0,1,0,0
1432,32,1,1042200,1,5333,1,3,2,3,2,2,0,0,1,0,0,1,0,0,0
1433,37,1,1374400,1,6051,1,2,2,3,2,2,0,1,0,0,1,0,0,0,0
1434,25,8,490700,0,2034,1,1,0,2,0,1,0,0,1,0,0,0,0,1,0
1435,52,2,348200,2,3552,1,3,0,3,0,1,0,0,1,0,1,0,0,0,0
1436,44,1,243600,6,1811,1,2,1,3,1,2,0,1,0,0,0,0,1,0,0
1437,21,5,238000,1,842,1,0,2,0,1,2,0,0,1,0,0,0,1,0,0
1438,39,9,1943100,2,2574,1,2,3,3,1,1,0,1,0,0,1,0,0,0,0
1439,23,9,179000,1,629,0,2,3,0,2,1,0,0,1,0,0,1,0,0,0
1440,36,3,764400,0,3584,1,2,0,3,2,2,0,0,1,0,0,0,1,0,0
1441,36,4,513100,7,1645,1,1,3,1,0,2,0,1,0,0,1,0,0,0,0
1442,56,1,630600,1,5061,1,3,2,2,0,1,0,1,0,0,1,0,0,0,0
1443,29,1,478700,9,1055,0,3,0,3,2,3,0,1,0,0,0,0,1,0,0
1444,42,2,1888000,5,8409,1,2,0,2,2,1,0,1,0,0,1,0,0,0,0
1445,56,7,233900,8,3928,0,1,3,2,2,0,0,1,0,0,0,0,0,0,1
1446,41,2,1357000,0,7505,1,3,0,1,2,2,0,1,0,0,1,0,0,0,0
1447,34,2,671200,1,3039,1,2,3,2,2,2,0,0,1,0,0,1,0,0,0
1448,36,1,540600,1,5768,1,3,3,3,0,1,0,0,1,0,0,1,0,0,0
1449,41,3,893800,2,2214,1,2,2,1,0,2,0,0,1,0,1,0,0,0,0
1450,32,2,243900,1,1560,1,2,3,0,1,2,0,1,0,0,0,0,0,0,1
1451,35,2,883700,1,3629,1,3,2,3,1,2,1,0,0,0,1,0,0,0,0
1452,38,1,534300,1,3905,1,1,0,3,2,2,0,0,1,0,1,0,0,0,0
1453,50,1,672800,7,2331,0,3,1,2,0,2,0,0,1,0,1,0,0,0,0
1454,36,1,665200,4,2491,1,3,1,3,2,1,0,0,1,0,0,1,0,0,0
1455,45,2,485000,8,1928,1,2,3,2,1,2,0,0,1,0,1,0,0,0,0
1456,40,2,280900,2,1117,1,3,2,2,1,2,0,1,0,0,1,0,0,0,0
1457,35,1,568900,1,3823,1,3,2,2,2,3,0,1,0,0,1,0,0,0,0
1458,40,2,200100,2,1889,1,3,2,2,2,2,0,1,0,0,0,0,1,0,0
1459,35,1,297700,1,1695,1,3,2,3,2,2,0,1,0,0,1,0,0,0,0
1460,29,1,402500,4,1782,1,1,3,1,2,2,0,1,0,0,0,0,0,1,0
1461,29,2,378500,1,1952,1,3,3,0,1,0,0,1,0,0,0,0,1,0,0
1462,50,2,1085400,4,1263,0,2,3,0,0,2,0,0,1,0,0,1,0,0,0
1463,39,2,1203100,0,7696,1,0,1,3,2,1,0,0,1,0,0,1,0,0,0
1464,31,5,993600,0,3627,1,2,1,0,1,2,0,1,0,0,0,0,1,0,0
1465,26,5,296600,0,1525,1,2,3,2,1,2,0,0,1,0,0,0,0,1,0
1466,36,2,257100,4,2043,1,1,2,3,2,2,0,1,0,0,0,0,1,0,0
1467,39,6,999100,4,2713,1,0,3,0,2,2,0,1,0,0,0,0,1,0,0
1468,27,4,614200,1,2469,1,2,1,1,2,2,0,1,0,0,1,0,0,0,0
1469,49,2,539000,2,3546,1,2,3,1,2,1,0,0,1,0,0,0,1,0,0
1470,34,8,440400,2,1744,1,2,1,2,2,3,0,1,0,0,0,0,1,0,0
